sequence	start_pos	end_pos	bp_length	DNA_seq	amino_acid_seq
northern	124	363	240	ATGTGCATCATACACCTTGATGTAAAAAAAGGTAAGCTAATTAAGCTAATGGGTTCATACCCCATTTATAGAGGTATCAACCCTCTCCTTTTTAATGGTCAACAACTCTACAAAACTTCTCTTCCTATCAATATTATTGATAGGAACGATCCTGTCCATCTCATCAAACTCTTGATTCGGAGTTTGAATAGGACTAGAGATCAACTTACTCTCATTTATTCCCATATTAACAAGAAATAA	MCIMHLDVKKGKLIKLMGSYPIYSGINPLLFNGQQLYKTSLPINIIDSNDPVHLIKLLIRSLNSTSDQLTLIYSHINKK*
northern	508	588	81	ATCAAGACTATTATTAAAAATAGGAGCAGTTCCTTTTCATTTATGACTTCCTGAAGTTATAGGAACCTCATCATGAATTAA	IKTIIKNSSSSFSFMTSWSYSNLIMN*
northern	589	759	171	TTGTTTAATATTAATAACATGACAAAAAATTGCTCCAATAATAGTAATATCCTACTGCATCCAAATAAGAATATTTATATTTACAATTTCTATCTTAAGAATTATTATTGGAGCATTAGGAGGATTAAATCAAACATCATTACGACAACTTTTAGCATATTCATCAATTAG	LFNINNMTKNCSNNSNILLHPNKNIYIYNFYLKNYYWSISSIKSNIITTTFSMFIN*
northern	781	864	84	ATCCTTAATAGTGAGAGAAAATGTATGAGAACTATATTTTGTTATTTATTCACTACTAAGACTAATTATAATTTTACTGTTTAA	ILNSESKCMSTMFCYLFTTKTNYNFTV*
northern	928	1008	81	ATTTTTTATATTTATGTCCCTCCTTTCATTAGGAGGATTACCACCTTTTCTTGGATTCTTACCAAAATGAACTGTTATTAA	IFYIYVPPFISSITTFSWILTKMNCY*
northern	1159	1248	90	ATCAAGATTTATTTTATCAATAACAATAGTAATTTCAACTCTAGGTCTAATATTAACATCAATATTAATTTCCTTATTTTAAGGACTTAA	IKIYFINNNSNFNSSSNINININFLILST*
northern	1369	1512	144	ATGATAAGAGAGAAAATTCTCATAAATAGATTTACAGTCTATCACCTACTAATTCAGCCATCTTACCGAATAAATGATTATTTTCAACAAACCATAGGGATATTGGAACGTTGTATTTTATTTTTGGTGCATGGGCTGGAATAG	MMSEKILMNSFTVYHLLIQPSYRMNDYFQQTMGMLERCILFLVHGLE*
northern	1780	1863	84	TTGATAACGGAGCTGGGACTGGATGAACAGTTTACCCTCCACTTGCTGGACCAATTGCTCACGGGGGAACATCAGTTGATTTAG	LMTELGLDEQFTLHLLDQLLTGEHQLI*
northern	1915	2034	120	ATTTTATTACAACAACAATTAATATACGTTCAGGAAGTATATCTCTTGATCAAACACCACTATTTGTTTGATCAGTTGCTATTACAGCCCTACTTTTATTATTATCACTTCCAGTTTTAG	ILLQQQLMYVQEVYLLIKHHYLFDQLLLQPYFYYYHFQF*
northern	2074	2166	93	ATACATCATTTTTTGACCCTGCAGGAGGGGGTGATCCAATTCTTTATCAACACTTATTTTGATTTTTTGGGCATCCAGAAGTTTATATTTTAA	MHHFLTLQEGVIQFFINTYFDFLGIQKFMF*
northern	2410	2487	78	ATGGAACAAAATTTAAATTTAACCCACCATTATTATGAGCACTTGGATTTATTTTTCTATTTACAATTGGTGGATTAA	MEQNLNLTHHYYEHLDLFFYLQLVD*
northern	3094	3327	234	ATCATTCTTTCATGATCATACAATAATAGTATTATTATTAATTACTGTAATTGTAGGATATACATTAAGATATATATTAATTATTTCTTCAACAAGAAAAAATATACTTCATGGGCATTTAATTGAAACTATTTGAACTACAATTCCAGCTATTACATTAATCTTCATCGCATTACCATCCCTACGTCTACTTTACCTTCTTGATGATTCAGTAAATGTAATAATTACAATTAA	IILSWSYNNSIIINYCNCSMYIKMYINYFFNKKKYTSWAFNWNYLNYNSSYYINLHRITIPTSTLPSWWFSKCNNYN*
northern	3343	3426	84	ATGGTACTGAAGTTATGAATATTCAGACTTTATAAATATTGAATTTGATACATATATAACACCAGAAAATGATTTAGAAATTAA	MVLKLWMFSLYKYWIWYMYNTSKWFSN*
northern	3430	3546	117	ATTTCGATTAATTGACGTAGACAACCGAACAATCTTACCAATAAATACTGAAATTCGAATTTTAACAAGTGCATCAGACGTACTTCACTCATGAGCAGTACCAGCCCTAGGAATTAA	ISINWRSQPNNLTNKYWNSNFNKCISRTSLMSSTSPSN*
northern	3733	3888	156	ATAACATTAGAGTGTCAATCTAAAATAACTAATAATTTAGTACACCTTGATCATCAGATGACTGAAAGTAAGTGATGGTCTCTTAAACCAAAAAATAGTAAATTAACAAATACTTCTGATGAGGAAAAATCTAAATCCCTCAAATATCACCTTTAA	MTLECQSKMTNNLVHLDHQMTESKWWSLKPKNSKLTNTSDEEKSKSLKYHL*
northern	4399	4686	288	ATTTACACACTTAGTTCCTCAAGGAACCCCTGCAGTACTTATATCATTCATAGTATTAATTGAAACAATCAGAAATGTAATCCGACCTGGAACTCTAGCAGTACGATTAGCAGCAAATATAATTGCAGGACATTTACTATTAACTTTGTTAGGAAATACAGGACCATCAATAACAATAAATATAATTTCATTTTTAATTATTGGACAAATATTGCTTATAATTCTAGAATCAGCAGTAGCTATAATTCAAGCCTATGTATTCTCAATTTTAAGAACTCTTTATTCTAG	IYTLSSSSNPCSTYIIHSINWNNQKCNPTWNSSSTISSKYNCSTFTINFVSKYSTINNNKYNFIFNYWTNIAYNSSISSSYNSSLCILNFKNSLF*
northern	5245	5334	90	ATGAATACTGAGAAGCCCCTTTTACTATTGCTGATGCAATTTATGGATCAACATTCTTTATTGCAACAGGATTTCACGGATTACATGTAA	MNTEKPLLLLLMQFMDQHSLLQQDFTDYM*
northern	5467	5613	147	ATATTTCAATCTATTGATGAGGTAGATAATTGTTCTTCTAGTATAAATAGTACATTTGACTTCCAATCAAAAAGCTTGATTTATAATCAAGAAAAACAATTTTTATTCTATCAACAGGGGTTATTATTAGATTCACTATACCAATAA	MFQSIDEVDNCSSSMNSTFDFQSKSLIYNQEKQFLFYQQGLLLDSLYQ*
northern	5656	5742	87	ATGACCGAGAAAAAAGATCACCATTTGAATGTGGATTTGATCCAAAAAGATCAGCTCGTATACCTTTCTCATTACAATTTTTCTTAA	MTEKKDHHLNVDLIQKDQLVYLSHYNFS*
northern	6397	6525	129	ATCAATATTGAATATAATTTAATATGTATATTAATAAACTATATAAGCCTTGACCACCTAAAATTTCACCCCAACCATAATCAAAAGACTTTGATGAATAATAACCAAACTTTAAAGGTAAATAATTAA	INIEYNLMCMLMNYMSLDHLKFHPNHNQKTLMNNNQTLKVNN*
northern	6727	6894	168	ATCAAGAAAGTAAACTACCACCAAAAACTGCAACAAATAATAATAAAATTATTCCAAAAGAAATATAAAACCCTTTATCATCAAAAGAAAAACTTGAATAAAAATTATTATCACCAGATATTGAATAATAAAATAAACGAAAAGAATAAGAAGCAGTTAAACCAGTAG	IKKVNYHQKLQQMMMKLFQKKYKTLYHQKKNLNKNYYHQMLNNKMNEKNKKQLNQ*
northern	6931	7011	81	ATCTTAAGCAAATTATCTCCAAAATTAAATCCTTTGAATAAAATCCAGCCAAAAAGGGTATTCCACATAAAGATAAGCTAG	ILSKLSPKLNPLNKIQPKSVFHMKMS*
northern	7594	7671	78	TTGCAACATCACCAATTCGATTTGATAAAGCAGTTAATATACCAGCACCATAAGACTTATTATTCTGATAATAAATAA	LQHHQFDLMKQLMYQHHKTYYSDNK*
northern	8182	8289	108	ATAGAAGATGATATTCACGTAAATAACCAAGAGTACAAGTATACAAACCAGCAAAATATGAACCATGTTGAGAGTAAGAATATATATATAAAGTATAAACAGCTCTAA	MEDDIHVNNQEYKYTNQQNMNHVESKNMYMKYKQL*
northern	8503	8586	84	TTGACAAACAAAATAAACCAGAAGAACATAAACCATGACCAATTATTAAAAATAAAGAACCTATACAACCCCATCAATTTATAG	LTNKMNQKNMNHDQLLKMKNLYNPINL*
northern	9085	9165	81	ATAAAGTCGGGATTAATCTTGCTTCAAAAAAAATATAAAAAGATAATAATCTTAAACTTGAAAAAGAACAATATAATATAA	MKSGLILLQKKYKKMMILNLKKNNMM*
northern	9367	9441	75	ATAAAAATATTAAAGAATGAACCAACCATCAAGAATTATTTATTAAACAAAGGGGAATCAAAAAAACAATTATAA	MKMLKNEPTIKNYLLNKGESKKQL*
northern	9829	10404	576	ATATTTCTATCTTTAGTCTCCAAAACCAATATTTTAAATAAACTAACTCCTGAAATGATAAAAATAATAATTATAGTATTATCAAACGTAATGAGTATAAATTTTATTAAATTAAATCATCCAATATCAATAATAATATTTATTATTTTTCAAACTTTCCTTATTGGATTAATAAGTGGAACAATTATAGAAAGATTTTGATTATCATACATTTTATTTTTAATATTTCTTGGAGGTATATTAGTATTATTTATTTATATTACAAGAATTGCATCAAATGAAATATTTAAACCAAAGTTAATAATTTTAATATTTTCGCTTATTTTATGAATCATTATTGTAGTAATTTTAATTATTTTAGATAAAATAATATTTATAGACCTTTTTAAAAATACAGAAACTATTAATATTAGTAATTCAATTAATTATCAAGAAATAACATTTTCATTAGAAAAATTATATAATAATCCAACATTTATTATTACAATAATAATAATAATTTATTTATTTGTAGCATTATTAGCGGTAGTAAAAATCACTAATATTAATCAAGGACCTATTCGTAAAATAAAATAA	MFLSLVSKTNILNKLTPEMMKMMIMVLSNVMSMNFIKLNHPMSMMMFIIFQTFLIGLMSGTIMESFWLSYILFLMFLGGMLVLFIYITSIASNEMFKPKLMILMFSLILWIIIVVILIILDKMMFMDLFKNTETINISNSINYQEMTFSLEKLYNNPTFIITMMMMIYLFVALLAVVKITNINQGPIRKMK*
northern	10411	11550	1140	ATGAATAAACCAACTCGATTAAGACATCCTTTATTTAAAATTATTAATAATTCTTTGATTGATCTACCTGCACCAACTAATATTTCATTTTGATGGAATATTGGTTCCTTATTAGGATTATGTTTAATAATTCAAATTATAACAGGATTATTTTTAGCTATACATTATACTTCAAATATTGAAATAGCATTTAGAAGAGTAATTCATATTTGTCGAGATGTAAACAATGGTTGAATTATCCGAACCCTTCATGCTAATGGAGCATCAATATTTTTTATTTGTATTTATCTTCATGTTGGTCGAGGAATTTATTACGGATCATATATGTATATTCATACATGAATAATTGGGACAATTATTTTATTTTTAGTTATAGCAACCGCATTTATAGGTTATGTTTTACCATGAGGACAAATATCATTTTGAGGTGCAACAGTAATTACTAATTTATTATCAGCAATTCCATATCTAGGTACAGATTTAGTACAATGAGTATGGGGAGGGTTTGCTGTAGATAATGCAACATTAAATCGATTCTTTTCCTTTCATTTTGTTTTACCATTTATAATTATTACTATAGCAGTAATTCACTTATTTTTTCTTCATCAAAGAGGATCAAATAATCCATTAGGAATTAATAGAAATATTGAAAAAATCCCTTTTCATCCCTATTTCACATTTAAGGATTCAATTACATTTATCTTTATAACATCTTTATTAGTTATATTATGCCTAATTAATCCTTTCTTATTAGGAGATCCTGATAATTTTGTGCCAGCAAACCCTTTAGTTACCCCTATTCATATTCAACCTGAATGATACTTTCTATTTGCATATGCAATTTTACGATCAATCCCAAATAAATTAGGTGGAGTTATTGCTCTATTTTTATCAATTAGAATCTTAATAATTCTTCCATTCTATAATAAAACACCATTTCGAGGAATTCAATTTTATCCAATTAATCAAATAATATTTTGAATTATAGTAATTATTGTAATTCTATTAACATGAATTGGAAAACGGCCTGTAGAAGAGCCTTATATTATAACTGGACAGATTTTAACAATTATTTACTTTTCTTACTTCATTATAAATGTTCATATTGCAAATATATGAGATAAATTAATTAAAGATTAA	MNKPTRLSHPLFKIINNSLIDLPAPTNISFWWNIGSLLGLCLMIQIMTGLFLAMHYTSNIEMAFSSVIHICRDVNNGWIIRTLHANGASMFFICIYLHVGRGIYYGSYMYIHTWMIGTIILFLVMATAFMGYVLPWGQMSFWGATVITNLLSAIPYLGTDLVQWVWGGFAVDNATLNRFFSFHFVLPFMIITMAVIHLFFLHQSGSNNPLGINSNIEKIPFHPYFTFKDSITFIFMTSLLVMLCLINPFLLGDPDNFVPANPLVTPIHIQPEWYFLFAYAILRSIPNKLGGVIALFLSISILMILPFYNKTPFRGIQFYPINQMMFWIMVIIVILLTWIGKRPVEEPYIMTGQILTIIYFSYFIMNVHIANMWDKLIKD*
northern	11686	12060	375	ATAAAAAAATTTAAAGATAAAGGTAAAAATCCCCTTCATGCTATATATATTAACTTATCATACCGAAAACGAGGTAAAGTTCCACGAACTCAAATAAAAATAAAAGATATAATAGAAAGCTTTACAAAAAATGTAAAAGAATTAAAATCACCTCCTAAAAAAATTAAAATCAAAAATATTCTTATAAAAATAATTCTTGTATATTCAGCTAAAAAAATTAAAGTAAATCCACTAGCACCATATTCAATATTAAACCCTGAAACTAATTCAGATTCACCCTCAGCAAAATCAAAAGGTGTACGATTAGTCTCTGCTAAACAGGAAGCAAAAAATGATAAAAATAAAGGAAAAGAAATAATAATAAATCAACAATAA	MKKFKDKGKNPLHAMYINLSYRKRGKVPRTQMKMKDMMESFTKNVKELKSPPKKIKIKNILMKMILVYSAKKIKVNPLAPYSMLNPETNSDSPSAKSKGVRLVSAKQEAKNDKNKGKEMMMNQQ*
northern	12073	12147	75	ATAAAATCAAATATATTAAATCTACCAATTAAAATAACTAAAGATAATAAAATTAAAGCTAATCTTACTTCATAA	MKSNMLNLPIKMTKDNKIKANLTS*
northern	12379	12483	105	ATAGGAATAGGCTGTTCCTTACAAATTAATTTAATAGCGTCACTAAAAGGTTGAATAAAACCAGAAAAACCAACTTTATTAGGACCTTTCCGAATTTGAATATAA	MGMGCSLQINLMASLKGWMKPEKPTLLGPFRIWM*
northern	12835	12951	117	ATTCTTAATCCAACATCGAGGTCGCAATCTATTTTGTCGATATGAGCTCTCAAAAATAATTACGCTGTTATCCCTAAGGTAACTAAATCTTATGATCATAAATTATGGATCATATAA	ILNPTSSSQSILSMWALKNNYAVIPKVTKSYDHKLWIM*
northern	13438	13548	111	ATTAATTATAAAATCAAAATAAAAAATAATGAACTAAAACGTAATCTAAAAGATAGCTGATTTAAAGCTTACTATTCAATTTTAACAAACAAAATTATAGAAGAGATTTAG	INYKIKMKNNELKRNLKDSWFKAYYSILTNKIMEEI*
northern	13891	14007	117	ATACTAAGACAAAACAAAATAAAATTTCTTTTATTAAAAAATAAAATAACAAAAAAAAATTATAATATAATAAATAATCAAGATATCCTGAATTGCACAGAACAATTTTCAGCGTAA	MLSQNKMKFLLLKNKMTKKNYNMMNNQDILNCTEQFSA*
northern	14008	14097	90	ATGAAATACTTTTCTAATAAGTTTTATCTTGAAACTCTTTCTAGATACACTTTCCAGTACATCTACTATGTTACGACTTATCTCATCTAA	MKYFSNKFYLETLSSYTFQYIYYVTTYLI*
northern	14131	14229	99	ATTTATAACGAGAGTGACGGGCGATATGTACACACCTCAGAGCCAATATCAATTAAATTAAATATGTTAAATTACTATCAAATCCACCTTCATTATTAA	IYNESDGRYVHTSEPMSIKLNMLNYYQIHLHY*
northern	14410	14514	105	ATCAATCATGGGATAGGTTCCTCTGAATGGAATAAGATACCGCCAAATTCTTTGGGTTTAAAGATTATAACTAATACTACCCTGGTGAATATAATTAACACTTAA	INHGMGSSEWNKMPPNSLGLKIMTNTTLVNMINT*
northern	14788	14889	102	ATAATTCAAAGAAAAAGTAAATATTTAAGCAAGAATAAAACTTTTAGTAATAAATATAAAACATTACAAAATAAACTAAAGGACATAATCACTATAAATTAA	MIQSKSKYLSKNKTFSNKYKTLQNKLKDMITMN*
northern	15013	15108	96	ATAAAAAAATGTGTAATTCTATTCTTCTATTATTTAATCTTTCTTTTTTTTTATATTTATAAAGAAAGATTAAATAATATAAATTATTTAACTTAG	MKKCVILFFYYLIFLFFYIYKESLNNMNYLT*
northern	191	1240	1050	ATAGAGGTATCAACCCTCTCCTTTTTAATGGTCAACAACTCTACAAAACTTCTCTTCCTATCAATATTATTGATAGGAACGATCCTGTCCATCTCATCAAACTCTTGATTCGGAGTTTGAATAGGACTAGAGATCAACTTACTCTCATTTATTCCCATATTAACAAGAAATAAAAATGTAATGATAAATGAATCATCAGTTAAATATTTTATTGTCCAGGCAATAGCATCGACAATATTATTATTCTCTATTTTATTAATCCAAATAAAATATAGAATAAGATGGGAAACAGAATTAATCCCTTCAATGATAGTTAGATCAAGACTATTATTAAAAATAGGAGCAGTTCCTTTTCATTTATGACTTCCTGAAGTTATAGGAACCTCATCATGAATTAATTGTTTAATATTAATAACATGACAAAAAATTGCTCCAATAATAGTAATATCCTACTGCATCCAAATAAGAATATTTATATTTACAATTTCTATCTTAAGAATTATTATTGGAGCATTAGGAGGATTAAATCAAACATCATTACGACAACTTTTAGCATATTCATCAATTAGTCATTTAGGATGAATAATTAGATCCTTAATAGTGAGAGAAAATGTATGAGAACTATATTTTGTTATTTATTCACTACTAAGACTAATTATAATTTTACTGTTTAAACAAATAAATTTATTTTCCTTAAATCAAATTTATTCATCGACAAACATAAAATCAGAAACTAAATTTTTTATATTTATGTCCCTCCTTTCATTAGGAGGATTACCACCTTTTCTTGGATTCTTACCAAAATGAACTGTTATTAATTCCCTTGTTGAAAATAACATATTAATCATGGTAACAATTATAGTTATATTTTCTACAATTACACTATATTTTTACTTACGAATTAGATTCTCAGCTTTTATTCTATCTTACTCAGAAAATTCGTGATCAATATTTCTTTTTTCAAATAAATCAAGATTTATTTTATCAATAACAATAGTAATTTCAACTCTAGGTCTAATATTAACATCAATATTAATTTCCTTATTTTAA	MEVSTLSFLMVNNSTKLLFLSMLLMGTILSISSNSWFGVWMGLEINLLSFIPMLTSNKNVMMNESSVKYFIVQAMASTMLLFSILLIQMKYSMSWETELIPSMMVSSSLLLKMGAVPFHLWLPEVMGTSSWINCLMLMTWQKIAPMMVMSYCIQMSMFMFTISILSIIIGALGGLNQTSLRQLLAYSSISHLGWMISSLMVSENVWELYFVIYSLLSLIMILLFKQMNLFSLNQIYSSTNMKSETKFFMFMSLLSLGGLPPFLGFLPKWTVINSLVENNMLIMVTIMVMFSTITLYFYLRISFSAFILSYSENSWSMFLFSNKSSFILSMTMVISTLGLMLTSMLISLF*
northern	1499	1573	75	ATGGGCTGGAATAGTAGGAACATCAATAAGAATAATTATTCGAACAGAATTAGGACAACCAGGATCATTAATTAG	MGWNSSNINKNNYSNSISTTSIIN*
northern	1802	1936	135	ATGAACAGTTTACCCTCCACTTGCTGGACCAATTGCTCACGGGGGAACATCAGTTGATTTAGCAATTTTCTCATTACATCTTGCTGGTGTATCATCAATTCTAGGGGCAGTCAATTTTATTACAACAACAATTAA	MNSLPSTCWTNCSRGNISWFSNFLITSCWCIINSSGSQFYYNNN*
northern	1955	2383	429	ATCTCTTGATCAAACACCACTATTTGTTTGATCAGTTGCTATTACAGCCCTACTTTTATTATTATCACTTCCAGTTTTAGCAGGAGCTATTACCATATTATTAACCGATCGAAATTTAAATACATCATTTTTTGACCCTGCAGGAGGGGGTGATCCAATTCTTTATCAACACTTATTTTGATTTTTTGGGCATCCAGAAGTTTATATTTTAATTCTTCCTGGATTTGGAATTATTTCTCATATTGTTTGCCAAGAAAGAGGAAAAATTGAATCATTTGGAACATTAGGGATAATCTACGCAATATTATCAATTGGAATTATAGGATTTATTGTATGAGCACATCATATATTTACAGTGGGGATAGATGTTGATACACGAGCATATTTTACATCAGCAACAATAATTATTGCAGTACCAACTGGAATTAA	ISWSNTTICLISCYYSPTFIIITSSFSSSYYHIINRSKFKYIIFWPCSSGWSNSLSTLILIFWASSSLYFNSSWIWNYFSYCLPSKSKNWIIWNISDNLRNIINWNYSIYCMSTSYIYSGDSCWYTSMFYISNNNYCSTNWN*
northern	2438	2647	210	ATTATTATGAGCACTTGGATTTATTTTTCTATTTACAATTGGTGGATTAACAGGATTAGTATTAGCAAATTCTTCCCTTGATATCATTTTACATGATACTTACTATGTTGTAGCTCACTTTCACTACGTTTTATCTATAGGAGCAGTATTTGCAATCATAGGAGGTATTATTCAATGATATCCTTTATTCACCGGATTAACAATGAATAA	IIMSTWIYFSIYNWWINSISISKFFPWYHFTWYLLCCSSLSLRFIYSSSICNHSSYYSMMSFIHRINNE*
northern	2651	2881	231	ATGATTAAAACTTCAATTTACAATTATATTTATTGGAGTAAATTTAACTTTCTTCCCTCAACATTTCCTAGGATTGGCAGGAATACCTCGACGATATTCAGATTATCCTGATGCATATACATCATGAAATGTAATTTCAAGTATTGGATCAACCATTTCAATTGTAGGAACTATCATATTTATTTTAATCATATGAGAAAGTATAATTTCAAATCGATCAATTATATTTAG	MIKTSIYNYIYWSKFNFLPSTFPSIGSNTSTMFSLSWCMYIMKCNFKYWINHFNCSNYHIYFNHMSKYNFKSINYI*
northern	3035	3718	684	ATGGCAACATGATCAAATATATCATTACAAGATAGAGCTTCACCTTTAATAGAACAACTATCATTCTTTCATGATCATACAATAATAGTATTATTATTAATTACTGTAATTGTAGGATATACATTAAGATATATATTAATTATTTCTTCAACAAGAAAAAATATACTTCATGGGCATTTAATTGAAACTATTTGAACTACAATTCCAGCTATTACATTAATCTTCATCGCATTACCATCCCTACGTCTACTTTACCTTCTTGATGATTCAGTAAATGTAATAATTACAATTAAAACAATTGGACGTCAATGGTACTGAAGTTATGAATATTCAGACTTTATAAATATTGAATTTGATACATATATAACACCAGAAAATGATTTAGAAATTAATGGATTTCGATTAATTGACGTAGACAACCGAACAATCTTACCAATAAATACTGAAATTCGAATTTTAACAAGTGCATCAGACGTACTTCACTCATGAGCAGTACCAGCCCTAGGAATTAAAATTGATGCAACACCAGGACGACTAAATCAAGGAACATTTTTAATAAACCGACCTGGATTATTCTTTGGACAATGTTCAGAAATTTGTGGAGCAAATCATAGATTTATACCTATTGTAATTGAAAGAACTTCAACAAATATATTCATTAAATGACTGTCTAAAATAATTTAA	MATWSNMSLQDSASPLMEQLSFFHDHTMMVLLLITVIVGYTLSYMLIISSTSKNMLHGHLIETIWTTIPAITLIFIALPSLRLLYLLDDSVNVMITIKTIGRQWYWSYEYSDFMNIEFDTYMTPENDLEINGFRLIDVDNRTILPMNTEIRILTSASDVLHSWAVPALGIKIDATPGRLNQGTFLMNRPGLFFGQCSEICGANHSFMPIVIESTSTNMFIKWLSKMI*
northern	3842	3937	96	ATACTTCTGATGAGGAAAAATCTAAATCCCTCAAATATCACCTTTAATATGATTTTCACTATTTATTCTATTTTCTACTGTTTTTATCTTATTTAA	MLLMSKNLNPSNITFNMIFTIYSIFYCFYLI*
northern	4022	4699	678	ATGATAACAAATTTATTTTCAACATTTGACCCATCAACCAACTTATTTAATTTATCATTAAATTGAACTAGAACATTTATAGGTTTATTATTAATTCCATCAATATTTTGATTAACATCATCACGAATTAATATTATTTGAAATAAGTTAAATATAACTCTTCATAATGAATTCAAAACACTATTAGGACCAAAATCATTTAATGGAATAACACTTATTTTTATTTCAATATTCATTATAATAATATTTAATAATTTTATAGGACTATTCCCTTATATTTTTACAAGAACTAGACACATAACTTTAACATTTTCAATTGCAATACCAATATGACTTAGATTTATATTATTTGGTTGAATTAATCATACTAATCATATATTTACACACTTAGTTCCTCAAGGAACCCCTGCAGTACTTATATCATTCATAGTATTAATTGAAACAATCAGAAATGTAATCCGACCTGGAACTCTAGCAGTACGATTAGCAGCAAATATAATTGCAGGACATTTACTATTAACTTTGTTAGGAAATACAGGACCATCAATAACAATAAATATAATTTCATTTTTAATTATTGGACAAATATTGCTTATAATTCTAGAATCAGCAGTAGCTATAATTCAAGCCTATGTATTCTCAATTTTAAGAACTCTTTATTCTAGAGAAGTATATTAA	MMTNLFSTFDPSTNLFNLSLNWTSTFMGLLLIPSMFWLTSSRINIIWNKLNMTLHNEFKTLLGPKSFNGMTLIFISMFIMMMFNNFMGLFPYIFTSTSHMTLTFSIAMPMWLSFMLFGWINHTNHMFTHLVPQGTPAVLMSFMVLIETISNVIRPGTLAVRLAANMIAGHLLLTLLGNTGPSMTMNMISFLIIGQMLLMILESAVAMIQAYVFSILSTLYSSEVY*
northern	4835	4942	108	ATTTTTAATTGGAATAATAATTACTTTATTTACAATAATTCAATGATGACGAGATGTAATCCGTGAAGGAACATATCAAGGACTACATACAGAATTTGTATTGATTAG	IFNWNNNYFIYNNSMMTSCNPWSNMSSTTYSICID*
northern	5168	5383	216	ATCAAATCATACCCAAGCACAACAAGGTCTATTTTTTACAGTATTATTAGGAATTTACTTTACTATACTTCAGATATATGAATACTGAGAAGCCCCTTTTACTATTGCTGATGCAATTTATGGATCAACATTCTTTATTGCAACAGGATTTCACGGATTACATGTAATTATTGGAACAATATTTCTCTTTACATGTTTAATACGACATTCAATTAA	IKSYPSTTSSIFYSIISNLLYYTSDMWMLSSPFYYCWCNLWINILYCNSISRITCNYWNNISLYMFNTTFN*
northern	5513	5596	84	ATAGTACATTTGACTTCCAATCAAAAAGCTTGATTTATAATCAAGAAAAACAATTTTTATTCTATCAACAGGGGTTATTATTAG	MVHLTSNQKAWFMIKKNNFYSINSGYY*
northern	5672	6037	366	ATCACCATTTGAATGTGGATTTGATCCAAAAAGATCAGCTCGTATACCTTTCTCATTACAATTTTTCTTAATTGCAATAATCTTTCTAATTTTTGATGTAGAAATTGCATTAATTTTACCAATTATAATTATTATAAAAACATCAAATATTATAATCTGAACAATAGTAACAATATTTTTTACTATTATTTTATTAAGAGGTCTTTATCATGAATGAAATCAAGGAGCTCTTCAATGAGCAAATTAAGGGTTATAGTTAAATATAACATTTGGGTTGCATTCAAAAAGTATTGAGTTAATCAATTAACCTTAACAAATAAGAAGTGAAAAATTACAATCAGTTTCGACCTGAAAAAATGGTATTAA	ITIWMWIWSKKISSYTFLITIFLNCNNLSNFWCSNCINFTNYNYYKNIKYYNLNNSNNIFYYYFIKSSLSWMKSSSSSMSKLSVMVKYNIWVAFKKYWVNQLTLTNKKWKITISFDLKKWY*
northern	9503	9580	78	ATTATAGAAACTAAAATTGATAAACCTAAGGCACCCTCACAAACAGAAAAAATTAAAAAAATTACAGGAAAGAAATAA	IMETKIDKPKAPSQTEKIKKITGKK*
northern	9596	9781	186	ATAAGAAAAATAATAATTAATATAAATAAAGAAAGAACAATATATTCCAATCTTAACAAAACTATTAATAAATGCTTACGTTTTAAAGAAAAAATATATACACCAGCAAAATATATTAACAAAGAAGTAAAAATAGAAAATATAAACATTAGTTTTAATAGTTTAAAAAAAACACTGGTCTTGTAA	MSKMMINMNKESTMYSNLNKTINKCLRFKEKMYTPAKYINKEVKMENMNISFNSLKKTLVL*
northern	10436	10525	90	ATCCTTTATTTAAAATTATTAATAATTCTTTGATTGATCTACCTGCACCAACTAATATTTCATTTTGATGGAATATTGGTTCCTTATTAG	ILYLKLLMILWLIYLHQLMFHFDGMLVPY*
northern	10637	10756	120	ATGGTTGAATTATCCGAACCCTTCATGCTAATGGAGCATCAATATTTTTTATTTGTATTTATCTTCATGTTGGTCGAGGAATTTATTACGGATCATATATGTATATTCATACATGAATAA	MVELSEPFMLMEHQYFLFVFIFMLVEEFITDHMCMFMHE*
northern	11702	11782	81	ATAAAGGTAAAAATCCCCTTCATGCTATATATATTAACTTATCATACCGAAAACGAGGTAAAGTTCCACGAACTCAAATAA	MKVKIPFMLYMLTYHTENEVKFHELK*
northern	12809	12916	108	ATTATCGGGCTCCTGCACCCAAAACTATTCTTAATCCAACATCGAGGTCGCAATCTATTTTGTCGATATGAGCTCTCAAAAATAATTACGCTGTTATCCCTAAGGTAA	IIGLLHPKLFLIQHRGRNLFCRYELSKMITLLSLS*
northern	12926	13054	129	ATGATCATAAATTATGGATCATATAAACATAAATTAATGATTTTATTATGAAGAGTTTATTTATTCTTCATGTCACCCCAACAAAACATTATCTTTAAATATAAAAAAATCAACCAAAAATTATATTAA	MIMNYGSYKHKLMILLWSVYLFFMSPQQNIIFKYKKINQKLY*
northern	13061	13189	129	ATGTTAAGCTCTATAGGGTCTTCTCGTCTTAAAGAAAAATTTAAGCCTTTTAACTTAAAAGTTAAATTCTATAATTTAATAAGAGACAGATGATTTCTCGTCAAACCATTCATACCAGCCCCTAATTAA	MLSSMGSSRLKEKFKPFNLKVKFYNLMSDSWFLVKPFMPAPN*
northern	13805	13897	93	ATTTACTTTTTAATAATTAAATGATTATTTTATAATCCAATTACATTACTAATTAACTATAATAAAAAAAATCGATTCTATAAAATATACTAA	IYFLMIKWLFYNPITLLINYNKKNRFYKMY*
northern	13964	14128	165	ATAATCAAGATATCCTGAATTGCACAGAACAATTTTCAGCGTAAATGAAATACTTTTCTAATAAGTTTTATCTTGAAACTCTTTCTAGATACACTTTCCAGTACATCTACTATGTTACGACTTATCTCATCTAAATTAAATTATTACCTTATAAATAATCAGTAA	MIKMSWIAQNNFQRKWNTFLMSFILKLFLDTLSSTSTMLRLISSKLNYYLMNNQ*
northern	15656	15730	75	ATAATTATATTGTTTATATACTATTTAAATAATATAAAATATTTAAGTAATTTAAATAAATATTTTATTATATAA	MIMLFMYYLNNMKYLSNLNKYFIM*
northern	1077	1181	105	ATTTTTACTTACGAATTAGATTCTCAGCTTTTATTCTATCTTACTCAGAAAATTCGTGATCAATATTTCTTTTTTCAAATAAATCAAGATTTATTTTATCAATAA	IFTYELDSQLLFYLTQKIRDQYFFFQMNQDLFYQ*
northern	1398	2972	1575	ATTTACAGTCTATCACCTACTAATTCAGCCATCTTACCGAATAAATGATTATTTTCAACAAACCATAGGGATATTGGAACGTTGTATTTTATTTTTGGTGCATGGGCTGGAATAGTAGGAACATCAATAAGAATAATTATTCGAACAGAATTAGGACAACCAGGATCATTAATTAGAGATGATCAAATCTATAATGTAATTATTACAGCCCACGCATTTGTAATAATTTTCTTTATAGTTATACCTATCATAATTGGAGGATTTGGTAATTGACTAGTCCCATTAATAATTGGAGCCCCAGATATAGCATTCCCACGAATAAATAATATAAGTTTTTGACTTTTACCACCTTCATTGACCCTGCTAATTTCGTCCTCTATAGTTGATAACGGAGCTGGGACTGGATGAACAGTTTACCCTCCACTTGCTGGACCAATTGCTCACGGGGGAACATCAGTTGATTTAGCAATTTTCTCATTACATCTTGCTGGTGTATCATCAATTCTAGGGGCAGTCAATTTTATTACAACAACAATTAATATACGTTCAGGAAGTATATCTCTTGATCAAACACCACTATTTGTTTGATCAGTTGCTATTACAGCCCTACTTTTATTATTATCACTTCCAGTTTTAGCAGGAGCTATTACCATATTATTAACCGATCGAAATTTAAATACATCATTTTTTGACCCTGCAGGAGGGGGTGATCCAATTCTTTATCAACACTTATTTTGATTTTTTGGGCATCCAGAAGTTTATATTTTAATTCTTCCTGGATTTGGAATTATTTCTCATATTGTTTGCCAAGAAAGAGGAAAAATTGAATCATTTGGAACATTAGGGATAATCTACGCAATATTATCAATTGGAATTATAGGATTTATTGTATGAGCACATCATATATTTACAGTGGGGATAGATGTTGATACACGAGCATATTTTACATCAGCAACAATAATTATTGCAGTACCAACTGGAATTAAGGTATTTAGCTGATTAGCTACACTTTATGGAACAAAATTTAAATTTAACCCACCATTATTATGAGCACTTGGATTTATTTTTCTATTTACAATTGGTGGATTAACAGGATTAGTATTAGCAAATTCTTCCCTTGATATCATTTTACATGATACTTACTATGTTGTAGCTCACTTTCACTACGTTTTATCTATAGGAGCAGTATTTGCAATCATAGGAGGTATTATTCAATGATATCCTTTATTCACCGGATTAACAATGAATAACATATGATTAAAACTTCAATTTACAATTATATTTATTGGAGTAAATTTAACTTTCTTCCCTCAACATTTCCTAGGATTGGCAGGAATACCTCGACGATATTCAGATTATCCTGATGCATATACATCATGAAATGTAATTTCAAGTATTGGATCAACCATTTCAATTGTAGGAACTATCATATTTATTTTAATCATATGAGAAAGTATAATTTCAAATCGATCAATTATATTTAGCTCCAATATAAGAAGATCTACAGAATGATTACAAAATAATCCCCCAACAGAACATAGATACTCAGAATTACCATTAATTTCTAGATTCTAA	IYSLSPTNSAILPNKWLFSTNHSDIGTLYFIFGAWAGMVGTSMSMIIRTELGQPGSLISDDQIYNVIITAHAFVMIFFMVMPIMIGGFGNWLVPLMIGAPDMAFPRMNNMSFWLLPPSLTLLISSSMVDNGAGTGWTVYPPLAGPIAHGGTSVDLAIFSLHLAGVSSILGAVNFITTTINMRSGSMSLDQTPLFVWSVAITALLLLLSLPVLAGAITMLLTDRNLNTSFFDPAGGGDPILYQHLFWFFGHPEVYILILPGFGIISHIVCQESGKIESFGTLGMIYAMLSIGIMGFIVWAHHMFTVGMDVDTRAYFTSATMIIAVPTGIKVFSWLATLYGTKFKFNPPLLWALGFIFLFTIGGLTGLVLANSSLDIILHDTYYVVAHFHYVLSMGAVFAIMGGIIQWYPLFTGLTMNNMWLKLQFTIMFIGVNLTFFPQHFLGLAGMPRRYSDYPDAYTSWNVISSIGSTISIVGTIMFILIMWESMISNRSIMFSSNMSSSTEWLQNNPPTEHSYSELPLISSF*
northern	3009	3083	75	ATAAAGGTTTGACCTTTTATTAGAAAATGGCAACATGATCAAATATATCATTACAAGATAGAGCTTCACCTTTAA	MKVWPFISKWQHDQMYHYKMELHL*
northern	3867	4028	162	ATCCCTCAAATATCACCTTTAATATGATTTTCACTATTTATTCTATTTTCTACTGTTTTTATCTTATTTAATCAAATAAACTTTTTCTTATTTAAAACCAAAATATTAAGCAATATAGAAAAAGGAAAAATTGAAAGTAAAAACTTAAGCTGAAAATGATAA	IPQMSPLMWFSLFILFSTVFILFNQMNFFLFKTKMLSNMEKGKIESKNLSWKW*
northern	4338	4412	75	TTGCAATACCAATATGACTTAGATTTATATTATTTGGTTGAATTAATCATACTAATCATATATTTACACACTTAG	LQYQYDLDLYYLVELIMLIMYLHT*
northern	4680	5495	816	ATTCTAGAGAAGTATATTAAACATATGATAACAATACATTCAAACCACCCATTTCATATAGTAGATTATAGACCATGACCATTAACGGGAGCAATTGGAGCAATAGTTATAGTTTCAGGATTAGCTAAATGATTTCATTTATTTAACATAAACTTATTTTTAATTGGAATAATAATTACTTTATTTACAATAATTCAATGATGACGAGATGTAATCCGTGAAGGAACATATCAAGGACTACATACAGAATTTGTATTGATTAGACTACGATGAGGTATAATTTTATTTATTGTATCAGAAGTATTATTCTTTATTTCATTCTTTTGAGCTTTTTTTAGAAGAAGATTAACACCAACCATTGAATTAGGAATATTATGACCACCAATAGGAATTCAACCATTTAACCCTATACAAATTCCATTACTTAATACAGCTATTCTTTTAGCATCCGGGGTTTCTGTAACTTGAGCACACCATAGAATTATAGAATCAAATCATACCCAAGCACAACAAGGTCTATTTTTTACAGTATTATTAGGAATTTACTTTACTATACTTCAGATATATGAATACTGAGAAGCCCCTTTTACTATTGCTGATGCAATTTATGGATCAACATTCTTTATTGCAACAGGATTTCACGGATTACATGTAATTATTGGAACAATATTTCTCTTTACATGTTTAATACGACATTCAATTAATCAATTTTCTCCTAATCATCACTTCGGTTTTGAAGCAGCAGCATGATATTGACATTTCGTAGATGTAGTATGATTATTTTTATATATTTCAATCTATTGATGAGGTAGATAA	ILEKYIKHMMTMHSNHPFHMVDYSPWPLTGAIGAMVMVSGLAKWFHLFNMNLFLIGMMITLFTMIQWWRDVIREGTYQGLHTEFVLISLRWGMILFIVSEVLFFISFFWAFFSSSLTPTIELGMLWPPMGIQPFNPMQIPLLNTAILLASGVSVTWAHHSIMESNHTQAQQGLFFTVLLGIYFTMLQMYEYWEAPFTIADAIYGSTFFIATGFHGLHVIIGTMFLFTCLMRHSINQFSPNHHFGFEAAAWYWHFVDVVWLFLYISIYWWGS*
northern	5565	5918	354	ATTTTTATTCTATCAACAGGGGTTATTATTAGATTCACTATACCAATAATAATTATAATTATTGCAACAATTCTATCAAAAAAATTAATTAATGACCGAGAAAAAAGATCACCATTTGAATGTGGATTTGATCCAAAAAGATCAGCTCGTATACCTTTCTCATTACAATTTTTCTTAATTGCAATAATCTTTCTAATTTTTGATGTAGAAATTGCATTAATTTTACCAATTATAATTATTATAAAAACATCAAATATTATAATCTGAACAATAGTAACAATATTTTTTACTATTATTTTATTAAGAGGTCTTTATCATGAATGAAATCAAGGAGCTCTTCAATGAGCAAATTAA	IFILSTGVIISFTMPMMIMIIATILSKKLINDREKSSPFECGFDPKSSARMPFSLQFFLIAMIFLIFDVEIALILPIMIIMKTSNIMIWTMVTMFFTIILLSGLYHEWNQGALQWAN*
northern	5988	6095	108	ATAAGAAGTGAAAAATTACAATCAGTTTCGACCTGAAAAAATGGTATTAATTACCCTTATTTATTAATTGAAGCCAAAATTAGAGGCGTATTACTGTTAATAATATAA	MSSEKLQSVSTWKNGINYPYLLIEAKISGVLLLMM*
northern	6702	6794	93	ATTATATGTGGAATAGGAAAAATTAATCAAGAAAGTAAACTACCACCAAAAACTGCAACAAATAATAATAAAATTATTCCAAAAGAAATATAA	IMCGMGKINQESKLPPKTATNNNKIIPKEM*
northern	6990	7178	189	ATTCCACATAAAGATAAGCTAGAAACATTAAAACAAATTGAAGTTAAAGGTATAAAATTTACAAGTGAGCCTATAAAACGAATATCCTGAGAATCCTTTAAATTATGAATTATTGACCCCGCACATATAAATAATAATGCCTTAAATAAAGCATGACATAATAAATGAAAAAAAGCAAGCTTTGGATAA	IPHKDKLETLKQIEVKGMKFTSEPMKRMSWESFKLWIIDPAHMNNNALNKAWHNKWKKASFG*
northern	7182	7322	141	ATAGCTAAAATTCTTATTATTAAACCAAGTTGTCTCAAAGTAGATAAGGCAATAATTTTCTTTAAATCAAATTCAAAATTTGCTCCTAAACCAGCCATAAATATTGTTATACAACCAATTAATAATAAAAACCAACCATAA	MAKILIIKPSCLKVDKAMIFFKSNSKFAPKPAMNIVMQPINNKNQP*
northern	7425	7538	114	ATAGCTGCAGGAAGTCAAGAAGAAAATGGAATTTGAGCACTCTTTGTTATAGCAGCCAAAATGATTAATATTGTAATAAACTTTATTTCAAGAGAAAAAGAAATAAAATCATAA	MAAGSQEENGIWALFVMAAKMINIVMNFISSEKEMKS*
northern	7572	7646	75	ATTCAAGCAATAGAAATTAAAATTGCAACATCACCAATTCGATTTGATAAAGCAGTTAATATACCAGCACCATAA	IQAMEIKIATSPIRFDKAVNMPAP*
northern	7716	7817	102	ATTCTAATTAAATTTGGACTAATAATTAAAAAACCTATTGAAAGAATAAATATTAAAACAATAATAATAAAACGATTTATATTCTTTTCACCTATTATATAA	ILIKFGLMIKKPIESMNIKTMMMKRFMFFSPIM*
northern	7833	7958	126	ATAACTAAAGAAGAAATATACATAACAAAAGATAAAAAAATTAAAGACATTCAATCCAAAATTAGAGTTATAACAACTATAGAACCATTTAAATTAAAAAGCTCTCACTCAATAAAAACTCTATAA	MTKEEMYMTKDKKIKDIQSKISVMTTMEPFKLKSSHSMKTL*
northern	7977	8060	84	ATTCCTAAAGTAAAAATTAAAGTTCTTAATAAAAATAAAGAGAAAAAACTTAAAGAACAAATAGAAAATAACTTCAAGGCTTAA	IPKVKIKVLNKNKEKKLKEQMENNFKA*
northern	8304	8633	330	ATCAACACCAAAAATATAAAAGAAGATCATGATATAATTCTATTTAATAAACTAAATTCACCAATTAAATTTAATGAAGGCGGAGAAGCCATATTAGAACAACTTAAAAGAAATCATCAAAGAGATATTCTTGGTATAAGATTAATTATACCCTTATTTACCAATAAACTTCGTCTACCTAAACGCTCATATATAATATTTGACAAACAAAATAAACCAGAAGAACATAAACCATGACCAATTATTAAAAATAAAGAACCTATACAACCCCATCAATTTATAGTTATTAAACCACCAATAACTATTCTTATATGAGCAACAGAAGAATAA	INTKNMKEDHDMILFNKLNSPIKFNEGGEAMLEQLKSNHQSDILGMSLIMPLFTNKLRLPKRSYMMFDKQNKPEEHKPWPIIKNKEPMQPHQFMVIKPPMTILMWATEE*
northern	8637	8720	84	ATTAAAGATTTTAAATCAACTTGACGGAAACAAATAAATCTTACAATAACTCCTCCTGATAAACTCAAAGATAATCAAAAATAA	IKDFKSTWRKQMNLTMTPPDKLKDNQK*
northern	8805	8909	105	ATTATTCTTCCAGAAATAGGTGCCTCAACATGAGCCTTAGGTAATCATAAATGAAATAAAAATATTGGCATTTTAACTAAAAAAGCTAAAACTATAAAAACATAA	IILPEMGASTWALGNHKWNKNIGILTKKAKTMKT*
northern	9342	9470	129	ATACAAATTATAAAAACAAAACTAAATAAAAATATTAAAGAATGAACCAACCATCAAGAATTATTTATTAAACAAAGGGGAATCAAAAAAACAATTATAAATAAATACCTTAACATAAAGATAAACTAA	MQIMKTKLNKNIKEWTNHQELFIKQSGIKKTIMNKYLNMKMN*
northern	9519	9596	78	TTGATAAACCTAAGGCACCCTCACAAACAGAAAAAATTAAAAAAATTACAGGAAAGAAATAATCATAATCAAATTTAA	LMNLSHPHKQKKLKKLQESNNHNQI*
northern	9621	9725	105	ATAAAGAAAGAACAATATATTCCAATCTTAACAAAACTATTAATAAATGCTTACGTTTTAAAGAAAAAATATATACACCAGCAAAATATATTAACAAAGAAGTAA	MKKEQYIPILTKLLMNAYVLKKKYMHQQNMLTKK*
northern	9939	10118	180	ATTAAATCATCCAATATCAATAATAATATTTATTATTTTTCAAACTTTCCTTATTGGATTAATAAGTGGAACAATTATAGAAAGATTTTGATTATCATACATTTTATTTTTAATATTTCTTGGAGGTATATTAGTATTATTTATTTATATTACAAGAATTGCATCAAATGAAATATTTAA	IKSSNINNNIYYFSNFPYWINKWNNYSKILIIMHFIFNISWSYISIIYLYYKNCIKWNI*
northern	10497	10604	108	ATTTTGATGGAATATTGGTTCCTTATTAGGATTATGTTTAATAATTCAAATTATAACAGGATTATTTTTAGCTATACATTATACTTCAAATATTGAAATAGCATTTAG	ILMEYWFLISIMFNNSNYNSIIFSYTLYFKYWNSI*
northern	10674	10856	183	ATCAATATTTTTTATTTGTATTTATCTTCATGTTGGTCGAGGAATTTATTACGGATCATATATGTATATTCATACATGAATAATTGGGACAATTATTTTATTTTTAGTTATAGCAACCGCATTTATAGGTTATGTTTTACCATGAGGACAAATATCATTTTGAGGTGCAACAGTAATTACTAA	INIFYLYLSSCWSSNLLRIMYVYSYMNNWDNYFIFSYSNRIYSLCFTMSTNIILSCNSNY*
northern	10935	11033	99	ATTAAATCGATTCTTTTCCTTTCATTTTGTTTTACCATTTATAATTATTACTATAGCAGTAATTCACTTATTTTTTCTTCATCAAAGAGGATCAAATAA	IKSILFLSFCFTIYNYYYSSNSLIFSSSKSIK*
northern	11385	11534	150	ATTTTGAATTATAGTAATTATTGTAATTCTATTAACATGAATTGGAAAACGGCCTGTAGAAGAGCCTTATATTATAACTGGACAGATTTTAACAATTATTTACTTTTCTTACTTCATTATAAATGTTCATATTGCAAATATATGAGATAA	ILNYSNYCNSINMNWKTACSSALYYNWTDFNNYLLFLLHYKCSYCKYMS*
northern	12984	13067	84	ATTTATTCTTCATGTCACCCCAACAAAACATTATCTTTAAATATAAAAAAATCAACCAAAAATTATATTAAAATAAAATGTTAA	IYSSCHPNKTLSLNMKKSTKNYIKMKC*
northern	15273	15347	75	ATAATTATATTGTTTATATACTATTTAAATAATATAAAATATTTAAGTAATTTAAATAAATATTTTATTATATAA	MIMLFMYYLNNMKYLSNLNKYFIM*
northern_reverse	145	249	105	ATAATTTATTTTAATATATTAAATTTAATTAAATATATCATTATAAGTTTTATTTATTTAATATTAATTGATTATTCTAATTTATATATTTATCAAAAATTATAG	MIYFNMLNLIKYIIMSFIYLMLIDYSNLYIYQKL*
northern_reverse	595	669	75	TTGATTATTCTAATTTATATATTTATCAAAAATTATAGGGACCTATTTTTTAAGGCAAAAGAAATTATTATATAA	LIILIYMFIKNYSDLFFKAKEIIM*
northern_reverse	1393	1467	75	ATAAATTTAAAATTTTTTAGGTGAAATTTAATTTTTTTTTATATTTCTAATTATGAATCTGTGAAACTTAAATAA	MNLKFFSWNLIFFYISNYESVKLK*
northern_reverse	1552	1671	120	ATTTGGCGGTATCTTATTCCATTCAGAGGAACCTATCCCATGATTGATAACACACGATTAACTTTACTTAATTTATTTGTTTGTATATCTCCGTTATCAGAAAATCTTTTTAGAGTTTAA	IWRYLIPFSGTYPMIDNTRLTLLNLFVCMSPLSENLFSV*
northern_reverse	1681	1812	132	ATTTATAATTATAAATTATTTCAGGTCAAGGTGCAGCTTATAATTAAGAGGAGATGGGTTACAATAGATTTTTTCTATAACGAAATTATTATTGAAATATTAATAATGAAGGTGGATTTGATAGTAATTTAA	IYNYKLFQVKVQLMIKSSWVTMDFFYNEIIIEMLMMKVDLMVI*
northern_reverse	1921	2085	165	ATAAGTCGTAACATAGTAGATGTACTGGAAAGTGTATCTAGAAAGAGTTTCAAGATAAAACTTATTAGAAAAGTATTTCATTTACGCTGAAAATTGTTCTGTGCAATTCAGGATATCTTGATTATTTATTATATTATAATTTTTTTTTGTTATTTTATTTTTTAA	MSRNMVDVLESVSSKSFKMKLISKVFHLRWKLFCAIQDILIIYYIMIFFCYFIF*
northern_reverse	2659	2748	90	ATATTGTTAATTTATTATAAGGAATTTGGCAAAACTGATTTCCGCCTGTTTATCAAAAACATGTCCTCTTGATTATATTTTGAGGTCTAA	MLLIYYKEFGKTDFRLFIKNMSSWLYFEV*
northern_reverse	3076	3279	204	ATGATCATAAGATTTAGTTACCTTAGGGATAACAGCGTAATTATTTTTGAGAGCTCATATCGACAAAATAGATTGCGACCTCGATGTTGGATTAAGAATAGTTTTGGGTGCAGGAGCCCGATAATTAGGTCTGTTCGACCTTTAAATTCTTACATGATCTGAGTTCAGACCGGTGTGAGCCAGGTCGGTTTCTATCTTAAGTAA	MIMSFSYLSDNSVIIFESSYRQNSLRPRCWIKNSFGCSSPMISSVRPLNSYMIWVQTGVSQVGFYLK*
northern_reverse	3400	3486	87	ATTTATTCTACAAATAGTATTGATATTTTATGATTTATTTATGTTTATTTTAAATTTTCTTTTTTTATTAATTTGTGTTTTAATTAG	IYSTNSIDILWFIYVYFKFSFFINLCFN*
northern_reverse	3694	3768	75	TTGAATGATTTTTCCTTATTTAACTTATATATGTTCATTTTCTTATGGGTTTTTATTCTTTTTATGTTGTACTAG	LNDFSLFNLYMFIFLWVFILFMLY*
northern_reverse	3826	3915	90	ATTAGGATCCATACGTTCTGTTGCTCAAACTATTTCTTATGAAGTAAGATTAGCTTTAATTTTATTATCTTTAGTTATTTTAATTGGTAG	ISIHTFCCSNYFLWSKISFNFIIFSYFNW*
northern_reverse	4096	4182	87	ATTTACTTTAATTTTTTTAGCTGAATATACAAGAATTATTTTTATAAGAATATTTTTGATTTTAATTTTTTTAGGAGGTGATTTTAA	IYFNFFSWMYKNYFYKNIFDFNFFSSWF*
northern_reverse	4192	4269	78	ATTTTTTGTAAAGCTTTCTATTATATCTTTTATTTTTATTTGAGTTCGTGGAACTTTACCTCGTTTTCGGTATGATAA	IFCKAFYYIFYFYLSSWNFTSFSVW*
northern_reverse	5263	5445	183	ATGAATATACATATATGATCCGTAATAAATTCCTCGACCAACATGAAGATAAATACAAATAAAAAATATTGATGCTCCATTAGCATGAAGGGTTCGGATAATTCAACCATTGTTTACATCTCGACAAATATGAATTACTCTTCTAAATGCTATTTCAATATTTGAAGTATAATGTATAGCTAA	MNMHMWSVMNSSTNMKMNTNKKYWCSISMKGSDNSTIVYISTNMNYSSKCYFNIWSMMYS*
northern_reverse	5749	5823	75	TTGATAATTAATTGAATTACTAATATTAATAGTTTCTGTATTTTTAAAAAGGTCTATAAATATTATTTTATCTAA	LMINWITNINSFCIFKKVYKYYFI*
northern_reverse	6214	6558	345	ATCTTATTTTTGGTTTACAAGACCAGTGTTTTTTTTAAACTATTAAAACTAATGTTTATATTTTCTATTTTTACTTCTTTGTTAATATATTTTGCTGGTGTATATATTTTTTCTTTAAAACGTAAGCATTTATTAATAGTTTTGTTAAGATTGGAATATATTGTTCTTTCTTTATTTATATTAATTATTATTTTTCTTATTAAATTTGATTATGATTATTTCTTTCCTGTAATTTTTTTAATTTTTTCTGTTTGTGAGGGTGCCTTAGGTTTATCAATTTTAGTTTCTATAATTCGTTCTTATGGTAATGATTTTTTTAATTCTTTTAGTTTATCTTTATGTTAA	ILFLVYKTSVFFKLLKLMFMFSIFTSLLMYFAGVYIFSLKRKHLLMVLLSLEYIVLSLFMLIIIFLIKFDYDYFFPVIFLIFSVCEGALGLSILVSMIRSYGNDFFNSFSLSLC*
northern_reverse	6988	7113	126	ATACTTTGATTGCTAGATTACCATTATTACTTTGTTTATTTAGGGTTTATGATTATATTAATACTTTATATTTTCCCTTGTTATTTGATTTTGGTTCTTATTATTTCTTATTTTATGTTTTTATAG	MLWLLDYHYYFVYLGFMIMLMLYIFPCYLILVLIISYFMFL*
northern_reverse	7663	7848	186	ATAGAATTATATCATGATCTTCTTTTATATTTTTGGTGTTGATTTTTTTATCTTTTTTTAGAGCTGTTTATACTTTATATATATATTCTTACTCTCAACATGGTTCATATTTTGCTGGTTTGTATACTTGTACTCTTGGTTATTTACGTGAATATCATCTTCTATTCTTACATTGGTTTCCTTTAA	MELYHDLLLYFWCWFFYLFLELFMLYMYILTLNMVHILLVCMLVLLVIYVNIIFYSYIGFL*
northern_reverse	8428	8502	75	TTGCTTGAATATTTAATTTTGGTGGTTGAAATTATATTTATTATTATGATTTTATTTCTTTTTCTCTTGAAATAA	LLEYLILVVEIMFIIMILFLFLLK*
northern_reverse	8833	8910	78	ATCCAAAGCTTGCTTTTTTTCATTTATTATGTCATGCTTTATTTAAGGCATTATTATTTATATGTGCGGGGTCAATAA	IQSLLFFIYYVMLYLSHYYLYVRGQ*
northern_reverse	9136	9234	99	ATTCTTTTCGTTTATTTTATTATTCAATATCTGGTGATAATAATTTTTATTCAAGTTTTTCTTTTGATGATAAAGGGTTTTATATTTCTTTTGGAATAA	ILFVYFIIQYLVMMIFIQVFLLMMKGFMFLLE*
northern_reverse	9766	9843	78	ATATTAAAATATTATTTTTACAGTGAAAATGTAATGTTTTATTTAAACTATATAAATAGAAATGTTAACGGAGTTTAA	MLKYYFYSENVMFYLNYMNSNVNGV*
northern_reverse	10000	10152	153	ATTGTAATTTTTCACTTCTTATTTGTTAAGGTTAATTGATTAACTCAATACTTTTTGAATGCAACCCAAATGTTATATTTAACTATAACCCTTAATTTGCTCATTGAAGAGCTCCTTGATTTCATTCATGATAAAGACCTCTTAATAAAATAA	IVIFHFLFVKVNWLTQYFLNATQMLYLTMTLNLLIEELLDFIHDKDLLMK*
northern_reverse	10216	10356	141	TTGGTAAAATTAATGCAATTTCTACATCAAAAATTAGAAAGATTATTGCAATTAAGAAAAATTGTAATGAGAAAGGTATACGAGCTGATCTTTTTGGATCAAATCCACATTCAAATGGTGATCTTTTTTCTCGGTCATTAA	LVKLMQFLHQKLESLLQLSKIVMSKVYELIFLDQIHIQMVIFFLGH*
northern_reverse	10444	10614	171	TTGTTTTTCTTGATTATAAATCAAGCTTTTTGATTGGAAGTCAAATGTACTATTTATACTAGAAGAACAATTATCTACCTCATCAATAGATTGAAATATATAAAAATAATCATACTACATCTACGAAATGTCAATATCATGCTGCTGCTTCAAAACCGAAGTGATGATTAG	LFFLIMNQAFWLEVKCTIYTSSTIIYLINSLKYMKMIMLHLRNVNIMLLLQNRSDD*
northern_reverse	11227	11313	87	TTGCTCCAATTGCTCCCGTTAATGGTCATGGTCTATAATCTACTATATGAAATGGGTGGTTTGAATGTATTGTTATCATATGTTTAA	LLQLLPLMVMVYNLLYEMGGLNVLLSYV*
northern_reverse	11365	11715	351	ATTATAGCTACTGCTGATTCTAGAATTATAAGCAATATTTGTCCAATAATTAAAAATGAAATTATATTTATTGTTATTGATGGTCCTGTATTTCCTAACAAAGTTAATAGTAAATGTCCTGCAATTATATTTGCTGCTAATCGTACTGCTAGAGTTCCAGGTCGGATTACATTTCTGATTGTTTCAATTAATACTATGAATGATATAAGTACTGCAGGGGTTCCTTGAGGAACTAAGTGTGTAAATATATGATTAGTATGATTAATTCAACCAAATAATATAAATCTAAGTCATATTGGTATTGCAATTGAAAATGTTAAAGTTATGTGTCTAGTTCTTGTAAAAATATAA	IMATADSSIMSNICPMIKNEIMFIVIDGPVFPNKVNSKCPAIMFAANRTASVPGRITFLIVSINTMNDMSTAGVPWGTKCVNMWLVWLIQPNNMNLSHIGIAIENVKVMCLVLVKM*
northern_reverse	11728	12051	324	ATAAAATTATTAAATATTATTATAATGAATATTGAAATAAAAATAAGTGTTATTCCATTAAATGATTTTGGTCCTAATAGTGTTTTGAATTCATTATGAAGAGTTATATTTAACTTATTTCAAATAATATTAATTCGTGATGATGTTAATCAAAATATTGATGGAATTAATAATAAACCTATAAATGTTCTAGTTCAATTTAATGATAAATTAAATAAGTTGGTTGATGGGTCAAATGTTGAAAATAAATTTGTTATCATTTTCAGCTTAAGTTTTTACTTTCAATTTTTCCTTTTTCTATATTGCTTAATATTTTGGTTTTAA	MKLLNIIMMNIEMKMSVIPLNDFGPNSVLNSLWSVMFNLFQMMLIRDDVNQNIDGINNKPMNVLVQFNDKLNKLVDGSNVENKFVIIFSLSFYFQFFLFLYCLMFWF*
northern_reverse	12295	12654	360	ATTATTTTAGACAGTCATTTAATGAATATATTTGTTGAAGTTCTTTCAATTACAATAGGTATAAATCTATGATTTGCTCCACAAATTTCTGAACATTGTCCAAAGAATAATCCAGGTCGGTTTATTAAAAATGTTCCTTGATTTAGTCGTCCTGGTGTTGCATCAATTTTAATTCCTAGGGCTGGTACTGCTCATGAGTGAAGTACGTCTGATGCACTTGTTAAAATTCGAATTTCAGTATTTATTGGTAAGATTGTTCGGTTGTCTACGTCAATTAATCGAAATCCATTAATTTCTAAATCATTTTCTGGTGTTATATATGTATCAAATTCAATATTTATAAAGTCTGAATATTCATAA	IILDSHLMNMFVEVLSITMGMNLWFAPQISEHCPKNNPGRFIKNVPWFSRPGVASILIPSAGTAHEWSTSDALVKIRISVFIGKIVRLSTSINRNPLISKSFSGVMYVSNSMFMKSEYS*
northern_reverse	12748	12981	234	ATGAAGATTAATGTAATAGCTGGAATTGTAGTTCAAATAGTTTCAATTAAATGCCCATGAAGTATATTTTTTCTTGTTGAAGAAATAATTAATATATATCTTAATGTATATCCTACAATTACAGTAATTAATAATAATACTATTATTGTATGATCATGAAAGAATGATAGTTGTTCTATTAAAGGTGAAGCTCTATCTTGTAATGATATATTTGATCATGTTGCCATTTTCTAA	MKINVMAGIVVQMVSIKCPWSMFFLVEEMINMYLNVYPTITVINNNTIIVWSWKNDSCSIKGEALSCNDMFDHVAIF*
northern_reverse	13198	13329	132	TTGAAATGGTTGATCCAATACTTGAAATTACATTTCATGATGTATATGCATCAGGATAATCTGAATATCGTCGAGGTATTCCTGCCAATCCTAGGAAATGTTGAGGGAAGAAAGTTAAATTTACTCCAATAA	LKWLIQYLKLHFMMYMHQDNLNIVEVFLPILGNVEGSKLNLLQ*
northern_reverse	13438	13539	102	ATAAAACGTAGTGAAAGTGAGCTACAACATAGTAAGTATCATGTAAAATGATATCAAGGGAAGAATTTGCTAATACTAATCCTGTTAATCCACCAATTGTAA	MKRSESELQHSKYHVKWYQGKNLLMLILLIHQL*
northern_reverse	13744	13824	81	TTGATAATATTGCGTAGATTATCCCTAATGTTCCAAATGATTCAATTTTTCCTCTTTCTTGGCAAACAATATGAGAAATAA	LMMLRSLSLMFQMIQFFLFLGKQYEK*
northern_reverse	13831	13965	135	ATCCAGGAAGAATTAAAATATAAACTTCTGGATGCCCAAAAAATCAAAATAAGTGTTGATAAAGAATTGGATCACCCCCTCCTGCAGGGTCAAAAAATGATGTATTTAAATTTCGATCGGTTAATAATATGGTAA	IQEELKYKLLDAQKIKMSVDKELDHPLLQGQKMMYLNFDRLMMW*
northern_reverse	14110	14235	126	TTGATGATACACCAGCAAGATGTAATGAGAAAATTGCTAAATCAACTGATGTTCCCCCGTGAGCAATTGGTCCAGCAAGTGGAGGGTAAACTGTTCATCCAGTCCCAGCTCCGTTATCAACTATAG	LMMHQQDVMSKLLNQLMFPREQLVQQVEGKLFIQSQLRYQL*
northern_reverse	14257	14367	111	ATGAAGGTGGTAAAAGTCAAAAACTTATATTATTTATTCGTGGGAATGCTATATCTGGGGCTCCAATTATTAATGGGACTAGTCAATTACCAAATCCTCCAATTATGATAG	MKVVKVKNLYYLFVGMLYLGLQLLMGLVNYQILQLW*
northern_reverse	14596	14685	90	GTGATAGACTGTAAATCTATTTATGAGAATTTTCTCTCTTATCATATTTTAGGCTTTATATTCAATTATGATTTTAGACTGCAATTCTAG	VMDCKSIYENFLSYHILGFMFNYDFSLQF*
northern_reverse	14782	14892	111	ATTAATATTGATGTTAATATTAGACCTAGAGTTGAAATTACTATTGTTATTGATAAAATAAATCTTGATTTATTTGAAAAAAGAAATATTGATCACGAATTTTCTGAGTAA	INIDVNISPSVEITIVIDKMNLDLFEKSNIDHEFSE*
northern_reverse	14941	15114	174	ATTGTAGAAAATATAACTATAATTGTTACCATGATTAATATGTTATTTTCAACAAGGGAATTAATAACAGTTCATTTTGGTAAGAATCCAAGAAAAGGTGGTAATCCTCCTAATGAAAGGAGGGACATAAATATAAAAAATTTAGTTTCTGATTTTATGTTTGTCGATGAATAA	IVENMTMIVTMINMLFSTSELMTVHFGKNPSKGGNPPNESSDMNMKNLVSDFMFVDE*
northern_reverse	15184	15369	186	ATAACAAAATATAGTTCTCATACATTTTCTCTCACTATTAAGGATCTAATTATTCATCCTAAATGACTAATTGATGAATATGCTAAAAGTTGTCGTAATGATGTTTGATTTAATCCTCCTAATGCTCCAATAATAATTCTTAAGATAGAAATTGTAAATATAAATATTCTTATTTGGATGCAGTAG	MTKYSSHTFSLTIKDLIIHPKWLIDEYAKSCRNDVWFNPPNAPMMILKMEIVNMNILIWMQ*
northern_reverse	15373	15840	468	ATTACTATTATTGGAGCAATTTTTTGTCATGTTATTAATATTAAACAATTAATTCATGATGAGGTTCCTATAACTTCAGGAAGTCATAAATGAAAAGGAACTGCTCCTATTTTTAATAATAGTCTTGATCTAACTATCATTGAAGGGATTAATTCTGTTTCCCATCTTATTCTATATTTTATTTGGATTAATAAAATAGAGAATAATAATATTGTCGATGCTATTGCCTGGACAATAAAATATTTAACTGATGATTCATTTATCATTACATTTTTATTTCTTGTTAATATGGGAATAAATGAGAGTAAGTTGATCTCTAGTCCTATTCAAACTCCGAATCAAGAGTTTGATGAGATGGACAGGATCGTTCCTATCAATAATATTGATAGGAAGAGAAGTTTTGTAGAGTTGTTGACCATTAAAAAGGAGAGGGTTGATACCTCTATAAATGGGGTATGAACCCATTAG	ITIIGAIFCHVINIKQLIHDEVPMTSGSHKWKGTAPIFNNSLDLTIIEGINSVSHLILYFIWINKMENNNIVDAIAWTMKYLTDDSFIITFLFLVNMGMNESKLISSPIQTPNQEFDEMDSIVPINNIDSKSSFVELLTIKKESVDTSMNGVWTH*
northern_reverse	212	286	75	TTGATTATTCTAATTTATATATTTATCAAAAATTATAGGGACCTATTTTTTAAGGCAAAAGAAATTATTATATAA	LIILIYMFIKNYSDLFFKAKEIIM*
northern_reverse	611	685	75	ATATATTTATCAAAAATTATAGGGACCTATTTTTTAAGGCAAAAGAAATTATTATATAATAAAATATTTATTTAA	MYLSKIMGTYFLSQKKLLYNKMFI*
northern_reverse	1028	1102	75	ATAATAGAGAAGTTGTTGTTGACCACCGAGAGGGGGACTTCTAACTTTTATTCATATTTTTGTGGGTTTTTTTAA	MMEKLLLTTESGTSNFYSYFCGFF*
northern_reverse	1127	1237	111	ATAGTGATTATGTCCTTTAGTTTATTTTGTAATGTTTTATATTTATTACTAAAAGTTTTATTCTTGCTTAAATATTTACTTTTTCTTTGAATTATATGTAAGTTTTGTTAG	MVIMSFSLFCNVLYLLLKVLFLLKYLLFLWIMCKFC*
northern_reverse	1499	1612	114	GTGTTAATTATATTCACCAGGGTAGTATTAGTTATAATCTTTAAACCCAAAGAATTTGGCGGTATCTTATTCCATTCAGAGGAACCTATCCCATGATTGATAACACACGATTAA	VLIMFTSVVLVMIFKPKEFGGILFHSEEPIPWLMTHD*
northern_reverse	1622	1723	102	ATTTATTTGTTTGTATATCTCCGTTATCAGAAAATCTTTTTAGAGTTTAAATTTTCTAAATTTATAATTATAAATTATTTCAGGTCAAGGTGCAGCTTATAA	IYLFVYLRYQKIFLEFKFSKFMIMNYFSSSCSL*
northern_reverse	2072	2152	81	ATTTTATTTTTTAATAAAAGAAATTTTATTTTGTTTTGTCTTAGTATATTTTATAGAATCGATTTTTTTTATTATAGTTAA	ILFFNKSNFILFCLSMFYSIDFFYYS*
northern_reverse	2672	2803	132	ATTATAAGGAATTTGGCAAAACTGATTTCCGCCTGTTTATCAAAAACATGTCCTCTTGATTATATTTTGAGGTCTAACCTGCTCACTGATAAAGTTTTAAAGAGCCGCGGTATTTTGACCGTGCAAAGGTAG	IMSNLAKLISACLSKTCPLDYILSSNLLTDKVLKSRGILTVQS*
northern_reverse	3008	3085	78	GTGACATGAAGAATAAATAAACTCTTCATAATAAAATCATTAATTTATGTTTATATGATCCATAATTTATGATCATAA	VTWSMNKLFMMKSLIYVYMIHNLWS*
northern_reverse	3122	3199	78	TTGAGAGCTCATATCGACAAAATAGATTGCGACCTCGATGTTGGATTAAGAATAGTTTTGGGTGCAGGAGCCCGATAA	LSAHIDKMDCDLDVGLSMVLGAGAR*
northern_reverse	3221	3370	150	ATTCTTACATGATCTGAGTTCAGACCGGTGTGAGCCAGGTCGGTTTCTATCTTAAGTAATTTCTTTTACATTAGTACGAAAGGACCATGTAATAAAATTATATTTTATTATTTATTGATTAAATTTAATATTACTATTTTGACAGATTAA	ILTWSEFSPVWASSVSILSNFFYISTKGPCNKIMFYYLLIKFNITILTD*
northern_reverse	3404	4366	963	ATTCTACAAATAGTATTGATATTTTATGATTTATTTATGTTTATTTTAAATTTTCTTTTTTTATTAATTTGTGTTTTAATTAGTGTTGCTTTTTTAACTTTGCTAGAGCGAAAGGTATTAGGTTATATTCAAATTCGGAAAGGTCCTAATAAAGTTGGTTTTTCTGGTTTTATTCAACCTTTTAGTGACGCTATTAAATTAATTTGTAAGGAACAGCCTATTCCTATTTTATCAAATTATTTATTATACTATTTTGCCCCCGTATTTAATTTAATAATTTCTTTAATTATTTGAATGATTTTTCCTTATTTAACTTATATATGTTCATTTTCTTATGGGTTTTTATTCTTTTTATGTTGTACTAGATTAAGTGTTTATACTGTAATAATTGCTGGTTGATCATCTAATTCAAATTATTCTTTATTAGGATCCATACGTTCTGTTGCTCAAACTATTTCTTATGAAGTAAGATTAGCTTTAATTTTATTATCTTTAGTTATTTTAATTGGTAGATTTAATATATTTGATTTTATTAATTATCAGATTTATTGTTGATTTATTATTATTTCTTTTCCTTTATTTTTATCATTTTTTGCTTCCTGTTTAGCAGAGACTAATCGTACACCTTTTGATTTTGCTGAGGGTGAATCTGAATTAGTTTCAGGGTTTAATATTGAATATGGTGCTAGTGGATTTACTTTAATTTTTTTAGCTGAATATACAAGAATTATTTTTATAAGAATATTTTTGATTTTAATTTTTTTAGGAGGTGATTTTAATTCTTTTACATTTTTTGTAAAGCTTTCTATTATATCTTTTATTTTTATTTGAGTTCGTGGAACTTTACCTCGTTTTCGGTATGATAAGTTAATATATATAGCATGAAGGGGATTTTTACCTTTATCTTTAAATTTTTTTATTTTTTATATTGGATTTAAAATTTTATTAATTTCAATTATTTAG	ILQMVLMFYDLFMFILNFLFLLICVLISVAFLTLLERKVLGYIQIRKGPNKVGFSGFIQPFSDAIKLICKEQPIPILSNYLLYYFAPVFNLMISLIIWMIFPYLTYMCSFSYGFLFFLCCTSLSVYTVMIAGWSSNSNYSLLGSMRSVAQTISYEVSLALILLSLVILIGSFNMFDFINYQIYCWFIIISFPLFLSFFASCLAETNRTPFDFAEGESELVSGFNIEYGASGFTLIFLAEYTSIIFMSMFLILIFLGGDFNSFTFFVKLSIMSFIFIWVRGTLPRFRYDKLMYMAWSGFLPLSLNFFIFYIGFKILLISII*
northern_reverse	4688	4930	243	ATTATTAAGATTCTAATTGATAAAAATAGAGCAATAACTCCACCTAATTTATTTGGGATTGATCGTAAAATTGCATATGCAAATAGAAAGTATCATTCAGGTTGAATATGAATAGGGGTAACTAAAGGGTTTGCTGGCACAAAATTATCAGGATCTCCTAATAAGAAAGGATTAATTAGGCATAATATAACTAATAAAGATGTTATAAAGATAAATGTAATTGAATCCTTAAATGTGAAATAG	IIKILIDKNSAMTPPNLFGIDRKIAYANSKYHSGWMWMGVTKGFAGTKLSGSPNKKGLISHNMTNKDVMKMNVIESLNVK*
northern_reverse	4943	5206	264	ATTTTTTCAATATTTCTATTAATTCCTAATGGATTATTTGATCCTCTTTGATGAAGAAAAAATAAGTGAATTACTGCTATAGTAATAATTATAAATGGTAAAACAAAATGAAAGGAAAAGAATCGATTTAATGTTGCATTATCTACAGCAAACCCTCCCCATACTCATTGTACTAAATCTGTACCTAGATATGGAATTGCTGATAATAAATTAGTAATTACTGTTGCACCTCAAAATGATATTTGTCCTCATGGTAAAACATAA	IFSMFLLIPNGLFDPLWWSKNKWITAMVMIMNGKTKWKEKNRFNVALSTANPPHTHCTKSVPSYGIADNKLVITVAPQNDICPHGKT*
northern_reverse	5210	5287	78	ATAAATGCGGTTGCTATAACTAAAAATAAAATAATTGTCCCAATTATTCATGTATGAATATACATATATGATCCGTAA	MNAVAMTKNKMIVPIIHVWMYMYDP*
northern_reverse	5315	5434	120	ATACAAATAAAAAATATTGATGCTCCATTAGCATGAAGGGTTCGGATAATTCAACCATTGTTTACATCTCGACAAATATGAATTACTCTTCTAAATGCTATTTCAATATTTGAAGTATAA	MQMKNIDAPLAWSVRMIQPLFTSRQMWITLLNAISMFEV*
northern_reverse	5438	5680	243	ATAGCTAAAAATAATCCTGTTATAATTTGAATTATTAAACATAATCCTAATAAGGAACCAATATTCCATCAAAATGAAATATTAGTTGGTGCAGGTAGATCAATCAAAGAATTATTAATAATTTTAAATAAAGGATGTCTTAATCGAGTTGGTTTATTCATTAGTAATTATTTTATTTTACGAATAGGTCCTTGATTAATATTAGTGATTTTTACTACCGCTAATAATGCTACAAATAAATAA	MAKNNPVMIWIIKHNPNKEPMFHQNEMLVGAGSSIKELLMILNKGCLNRVGLFISNYFILRMGPWLMLVIFTTANNATNK*
northern_reverse	5681	5755	75	ATTATTATTATTATTGTAATAATAAATGTTGGATTATTATATAATTTTTCTAATGAAAATGTTATTTCTTGATAA	IIIIIVMMNVGLLYNFSNENVISW*
northern_reverse	5759	5926	168	ATTGAATTACTAATATTAATAGTTTCTGTATTTTTAAAAAGGTCTATAAATATTATTTTATCTAAAATAATTAAAATTACTACAATAATGATTCATAAAATAAGCGAAAATATTAAAATTATTAACTTTGGTTTAAATATTTCATTTGATGCAATTCTTGTAATATAA	IELLMLMVSVFLKSSMNIILSKMIKITTMMIHKMSENIKIINFGLNISFDAILVM*
northern_reverse	5927	6259	333	ATAAATAATACTAATATACCTCCAAGAAATATTAAAAATAAAATGTATGATAATCAAAATCTTTCTATAATTGTTCCACTTATTAATCCAATAAGGAAAGTTTGAAAAATAATAAATATTATTATTGATATTGGATGATTTAATTTAATAAAATTTATACTCATTACGTTTGATAATACTATAATTATTATTTTTATCATTTCAGGAGTTAGTTTATTTAAAATATTGGTTTTGGAGACTAAAGATAGAAATATTTCTCTTCCTGAAGTTTTAAAAGTGGGGGGCTCATCTTATTTTTGGTTTACAAGACCAGTGTTTTTTTTAAACTATTAA	MNNTNMPPSNIKNKMYDNQNLSMIVPLINPMSKVWKMMNIIIDIGWFNLMKFMLITFDNTMIIIFIISGVSLFKMLVLETKDSNISLPEVLKVGGSSYFWFTSPVFFLNY*
northern_reverse	6515	6607	93	ATGGTAATGATTTTTTTAATTCTTTTAGTTTATCTTTATGTTAAGGTATTTATTTATAATTGTTTTTTTGATTCCCCTTTGTTTAATAAATAA	MVMIFLILLVYLYVKVFIYNCFFDSPLFNK*
northern_reverse	6794	7003	210	ATTTTCTTATTATCCAAATTTGTTTATTTTTATGATTTTATTTCTTTTAATTATATTATATTGTTCTTTTTCAAGTTTAAGATTATTATCTTTTTATATTTTTTTTGAAGCAAGATTAATCCCGACTTTATTTTTAATTTTAGGTTGAGGTTATCAACCTGAGCGTCTTCAGGCTGGAATTTATTTAATTTTTTATACTTTGATTGCTAG	IFLLSKFVYFYDFISFNYIMLFFFKFKIIIFLYFFWSKINPDFIFNFSLSLSTWASSGWNLFNFLYFDC*
northern_reverse	7055	7132	78	ATATTTTCCCTTGTTATTTGATTTTGGTTCTTATTATTTCTTATTTTATGTTTTTATAGTTTTAGCTTTTTTAGTTAA	MFSLVIWFWFLLFLILCFYSFSFFS*
northern_reverse	7295	7531	237	TTGATTATCTTTGAGTTTATCAGGAGGAGTTATTGTAAGATTTATTTGTTTCCGTCAAGTTGATTTAAAATCTTTAATTGCTTATTCTTCTGTTGCTCATATAAGAATAGTTATTGGTGGTTTAATAACTATAAATTGATGGGGTTGTATAGGTTCTTTATTTTTAATAATTGGTCATGGTTTATGTTCTTCTGGTTTATTTTGTTTGTCAAATATTATATATGAGCGTTTAGGTAG	LIIFEFISSSYCKIYLFPSSWFKIFNCLFFCCSYKNSYWWFNNYKLMGLYSFFIFNNWSWFMFFWFILFVKYYMWAFS*
northern_reverse	7739	7909	171	ATATATATATTCTTACTCTCAACATGGTTCATATTTTGCTGGTTTGTATACTTGTACTCTTGGTTATTTACGTGAATATCATCTTCTATTCTTACATTGGTTTCCTTTAAATATTATATGTTTAAAGGGTGAGCTTTTTTTTGTTTAATTTTGCTTAAGTATTTTAATTAA	MYMFLLSTWFMFCWFVYLYSWLFTWMSSSILTLVSFKYYMFKGWAFFCLILLKYFN*
northern_reverse	7913	8056	144	ATTGTTTTGTGGGATCAATGATATGAGTTTTTCATCTTAAGCCTTGAAGTTATTTTCTATTTGTTCTTTAAGTTTTTTCTCTTTATTTTTATTAAGAACTTTAATTTTTACTTTAGGAATTTATTATTTAATAATTGATTATAG	IVLWDQWYEFFILSLEVIFYLFFKFFLFIFIKNFNFYFSNLLFNNWL*
northern_reverse	8186	8275	90	ATATGATTATATAATAGGTGAAAAGAATATAAATCGTTTTATTATTATTGTTTTAATATTTATTCTTTCAATAGGTTTTTTAATTATTAG	MWLYNSWKEYKSFYYYCFNIYSFNSFFNY*
northern_reverse	8453	8665	213	TTGAAATTATATTTATTATTATGATTTTATTTCTTTTTCTCTTGAAATAAAGTTTATTACAATATTAATCATTTTGGCTGCTATAACAAAGAGTGCTCAAATTCCATTTTCTTCTTGACTTCCTGCAGCTATAGCTGCTCCTACACCTGTTTCTGCTTTAGTTCATTCTTCTACTTTAGTTACTGCAGGTGTTTATTTATTAATTCGTTTTAG	LKLYLLLWFYFFFSWNKVYYNINHFGCYNKECSNSIFFLTSCSYSCSYTCFCFSSFFYFSYCSCLFINSF*
northern_reverse	8693	8878	186	TTGGTTTTTATTATTAATTGGTTGTATAACAATATTTATGGCTGGTTTAGGAGCAAATTTTGAATTTGATTTAAAGAAAATTATTGCCTTATCTACTTTGAGACAACTTGGTTTAATAATAAGAATTTTAGCTATGGGTTATCCAAAGCTTGCTTTTTTTCATTTATTATGTCATGCTTTATTTAA	LVFIINWLYNNIYGWFSSKFWIWFKENYCLIYFETTWFNNKNFSYGLSKACFFSFIMSCFI*
northern_reverse	9005	9085	81	ATCTTTATGTGGAATACCCTTTTTGGCTGGATTTTATTCAAAGGATTTAATTTTGGAGATAATTTGCTTAAGATGAATTAA	IFMWNTLFGWILFKGFNFGDNLLKMN*
northern_reverse	9278	9385	108	TTGATTAATTTTTCCTATTCCACATATAATTGTTTTACCATATTATTTAAAATATTTAATTATTACCGTAGTTGTTTTTGGATCTTATTTTGGTTATTTAGTTTCTAA	LINFSYSTYNCFTMLFKMFNYYRSCFWILFWLFSF*
northern_reverse	10463	10546	84	ATCAAGCTTTTTGATTGGAAGTCAAATGTACTATTTATACTAGAAGAACAATTATCTACCTCATCAATAGATTGAAATATATAA	IKLFDWKSNVLFMLEEQLSTSSMDWNM*
northern_reverse	10562	10645	84	ATCTACGAAATGTCAATATCATGCTGCTGCTTCAAAACCGAAGTGATGATTAGGAGAAAATTGATTAATTGAATGTCGTATTAA	IYEMSMSCCCFKTEVMISSKLINWMSY*
northern_reverse	10688	10795	108	GTGAAATCCTGTTGCAATAAAGAATGTTGATCCATAAATTGCATCAGCAATAGTAAAAGGGGCTTCTCAGTATTCATATATCTGAAGTATAGTAAAGTAAATTCCTAA	VKSCCNKECWSMNCISNSKSGFSVFMYLKYSKVNS*
northern_reverse	11420	11572	153	ATGAAATTATATTTATTGTTATTGATGGTCCTGTATTTCCTAACAAAGTTAATAGTAAATGTCCTGCAATTATATTTGCTGCTAATCGTACTGCTAGAGTTCCAGGTCGGATTACATTTCTGATTGTTTCAATTAATACTATGAATGATATAA	MKLYLLLLMVLYFLTKLMVNVLQLYLLLIVLLEFQVGLHFWLFQLMLWMM*
northern_reverse	12134	12286	153	TTGAGGGATTTAGATTTTTCCTCATCAGAAGTATTTGTTAATTTACTATTTTTTGGTTTAAGAGACCATCACTTACTTTCAGTCATCTGATGATCAAGGTGTACTAAATTATTAGTTATTTTAGATTGACACTCTAATGTTATTTTTAACTAA	LSDLDFSSSEVFVNLLFFGLSDHHLLSVIWWSSCTKLLVILDWHSNVIFN*
northern_reverse	12359	12466	108	ATCTATGATTTGCTCCACAAATTTCTGAACATTGTCCAAAGAATAATCCAGGTCGGTTTATTAAAAATGTTCCTTGATTTAGTCGTCCTGGTGTTGCATCAATTTTAA	IYDLLHKFLNIVQSMIQVGLLKMFLDLVVLVLHQF*
northern_reverse	12488	12586	99	ATGAGTGAAGTACGTCTGATGCACTTGTTAAAATTCGAATTTCAGTATTTATTGGTAAGATTGTTCGGTTGTCTACGTCAATTAATCGAAATCCATTAA	MSEVRLMHLLKFEFQYLLVSLFGCLRQLIEIH*
northern_reverse	12878	13006	129	ATAATAATACTATTATTGTATGATCATGAAAGAATGATAGTTGTTCTATTAAAGGTGAAGCTCTATCTTGTAATGATATATTTGATCATGTTGCCATTTTCTAATAAAAGGTCAAACCTTTATATTTAG	MMMLLLYDHESMMVVLLKVKLYLVMMYLIMLPFSNKSSNLYI*
northern_reverse	13670	13750	81	ATATGCTCGTGTATCAACATCTATCCCCACTGTAAATATATGATGTGCTCATACAATAAATCCTATAATTCCAATTGATAA	MCSCINIYPHCKYMMCSYNKSYNSNW*
northern_reverse	14150	14248	99	ATCAACTGATGTTCCCCCGTGAGCAATTGGTCCAGCAAGTGGAGGGTAAACTGTTCATCCAGTCCCAGCTCCGTTATCAACTATAGAGGACGAAATTAG	INWCSPVSNWSSKWSVNCSSSPSSVINYSGRN*
northern_reverse	14342	14443	102	ATTACCAAATCCTCCAATTATGATAGGTATAACTATAAAGAAAATTATTACAAATGCGTGGGCTGTAATAATTACATTATAGATTTGATCATCTCTAATTAA	ITKSSNYDSYNYKENYYKCVGCNNYIMDLIISN*
northern_reverse	15347	15424	78	ATATTCTTATTTGGATGCAGTAGGATATTACTATTATTGGAGCAATTTTTTGTCATGTTATTAATATTAAACAATTAA	MFLFGCSSMLLLLEQFFVMLLMLNN*
northern_reverse	15671	15778	108	ATGAGAGTAAGTTGATCTCTAGTCCTATTCAAACTCCGAATCAAGAGTTTGATGAGATGGACAGGATCGTTCCTATCAATAATATTGATAGGAAGAGAAGTTTTGTAG	MSVSWSLVLFKLRIKSLMSWTGSFLSMMLMGSEVL*
northern_reverse	15821	15901	81	ATGGGGTATGAACCCATTAGCTTAATTAGCTTACCTTTTTTTACATCAAGGTGTATGATGCACATTAGTTTTTGATACTAA	MGYEPISLISLPFFTSSCMMHISFWY*
northern_reverse	3	158	156	ATTTTTTGTATTTTATATATAAATTTAAAGTTTTTTTTTCGAAATTGATATTGTGGGATTTTAATTAGATTTCTTCAATTTTGTATCCCTTTTTGATCAAAAAAGGATAAAATATTATTAAATTTTTACTTGTTTAATATAAATAATTTATTTTAA	IFCILYMNLKFFFRNWYCGILISFLQFCIPFWSKKDKMLLNFYLFNMNNLF*
northern_reverse	228	302	75	ATATATTTATCAAAAATTATAGGGACCTATTTTTTAAGGCAAAAGAAATTATTATATAATAAAATATTTATTTAA	MYLSKIMGTYFLSQKKLLYNKMFI*
northern_reverse	528	632	105	ATAATTTATATTAATATATTACATTTAATTAAATATATCATTATAAGTTTTATTTATTTAATATTAATTGATTATTCTAATTTATATATTTATCAAAAATTATAG	MIYINMLHLIKYIIMSFIYLMLIDYSNLYIYQKL*
northern_reverse	927	1031	105	ATCTTTCTTTATAAATATAAAAAAAAAGAAAGATTAAATAATAGAAGAATAGAATTACACATTTTTTTATTTTTTAGTTCCGTAGCTTATAAGAATTACATATAA	IFLYKYKKKESLNNSSMELHIFLFFSSVAYKNYM*
northern_reverse	1308	1412	105	ATTGGCATAATTCGTGCCAGCAGCCGCGGTTATACGATTAATACAAGTAAATATTATTGGTTAATACAGTTAATTATATTTTGAAATAAATTTAAAATTTTTTAG	IGMIRASSRGYTINTSKYYWLMQLIMFWNKFKIF*
northern_reverse	1827	1910	84	TTGATATTGGCTCTGAGGTGTGTACATATCGCCCGTCACTCTCGTTATAAATATTTACTGATTATTTATAAGGTAATAATTTAA	LMLALSCVHIARHSRYKYLLIIYKVMI*
northern_reverse	1995	2156	162	ATTTCATTTACGCTGAAAATTGTTCTGTGCAATTCAGGATATCTTGATTATTTATTATATTATAATTTTTTTTTGTTATTTTATTTTTTAATAAAAGAAATTTTATTTTGTTTTGTCTTAGTATATTTTATAGAATCGATTTTTTTTATTATAGTTAATTAG	ISFTLKIVLCNSGYLDYLLYYNFFLLFYFLMKEILFCFVLVYFMESIFFIMVN*
northern_reverse	2682	2771	90	ATTTGGCAAAACTGATTTCCGCCTGTTTATCAAAAACATGTCCTCTTGATTATATTTTGAGGTCTAACCTGCTCACTGATAAAGTTTTAA	IWQNWFPPVYQKHVLLIMFWGLTCSLMKF*
northern_reverse	3279	3416	138	ATTTCTTTTACATTAGTACGAAAGGACCATGTAATAAAATTATATTTTATTATTTATTGATTAAATTTAATATTACTATTTTGACAGATTAATGTGTTGAATTTAGAATTCATTAATGTAGATTTATTCTACAAATAG	ISFTLVRKDHVMKLYFIIYWLNLMLLFWQINVLNLEFINVDLFYK*
northern_reverse	3528	3605	78	ATATTCAAATTCGGAAAGGTCCTAATAAAGTTGGTTTTTCTGGTTTTATTCAACCTTTTAGTGACGCTATTAAATTAA	MFKFGKVLMKLVFLVLFNLLVTLLN*
northern_reverse	3909	4010	102	TTGGTAGATTTAATATATTTGATTTTATTAATTATCAGATTTATTGTTGATTTATTATTATTTCTTTTCCTTTATTTTTATCATTTTTTGCTTCCTGTTTAG	LVDLMYLILLIISFIVDLLLFLFLYFYHFLLPV*
northern_reverse	5037	5156	120	ATGGTAAAACAAAATGAAAGGAAAAGAATCGATTTAATGTTGCATTATCTACAGCAAACCCTCCCCATACTCATTGTACTAAATCTGTACCTAGATATGGAATTGCTGATAATAAATTAG	MVKQNESKSIDLMLHYLQQTLPMLIVLNLYLDMELLMMN*
northern_reverse	5244	5324	81	TTGTCCCAATTATTCATGTATGAATATACATATATGATCCGTAATAAATTCCTCGACCAACATGAAGATAAATACAAATAA	LSQLFMYEYTYMIRNKFLDQHEDKYK*
northern_reverse	6255	6338	84	ATTAAAACTAATGTTTATATTTTCTATTTTTACTTCTTTGTTAATATATTTTGCTGGTGTATATATTTTTTCTTTAAAACGTAA	IKTNVYIFYFYFFVNMFCWCMYFFFKT*
northern_reverse	6417	6521	105	ATTTGATTATGATTATTTCTTTCCTGTAATTTTTTTAATTTTTTCTGTTTGTGAGGGTGCCTTAGGTTTATCAATTTTAGTTTCTATAATTCGTTCTTATGGTAA	IWLWLFLSCNFFNFFCLWGCLSFINFSFYNSFLW*
northern_reverse	6546	7886	1341	ATCTTTATGTTAAGGTATTTATTTATAATTGTTTTTTTGATTCCCCTTTGTTTAATAAATAATTCTTGATGGTTGGTTCATTCTTTAATATTTTTATTTAGTTTTGTTTTTATAATTTGTATTTATTCATATTGTGATTTAAATATAATTAGATATTATTTTGGTGTTGATTATTTTTCTTTTTGTTTAATTTTACTTAGATTTTGAATTTGTTCTTTAATAATTATGGCTAGAGGTTCAATTTATTTATTTTCTTATTATCCAAATTTGTTTATTTTTATGATTTTATTTCTTTTAATTATATTATATTGTTCTTTTTCAAGTTTAAGATTATTATCTTTTTATATTTTTTTTGAAGCAAGATTAATCCCGACTTTATTTTTAATTTTAGGTTGAGGTTATCAACCTGAGCGTCTTCAGGCTGGAATTTATTTAATTTTTTATACTTTGATTGCTAGATTACCATTATTACTTTGTTTATTTAGGGTTTATGATTATATTAATACTTTATATTTTCCCTTGTTATTTGATTTTGGTTCTTATTATTTCTTATTTTATGTTTTTATAGTTTTAGCTTTTTTAGTTAAAATGCCAATATTTTTATTTCATTTATGATTACCTAAGGCTCATGTTGAGGCACCTATTTCTGGAAGAATAATTTTAGCTGGTGTTTTATTAAAGCTAGGAGGTTATGGTATTTTTCGTGTAATAAAAATTATTTCTTTTTTGGGTTTAAAGTTTAATTATTTTTGATTATCTTTGAGTTTATCAGGAGGAGTTATTGTAAGATTTATTTGTTTCCGTCAAGTTGATTTAAAATCTTTAATTGCTTATTCTTCTGTTGCTCATATAAGAATAGTTATTGGTGGTTTAATAACTATAAATTGATGGGGTTGTATAGGTTCTTTATTTTTAATAATTGGTCATGGTTTATGTTCTTCTGGTTTATTTTGTTTGTCAAATATTATATATGAGCGTTTAGGTAGACGAAGTTTATTGGTAAATAAGGGTATAATTAATCTTATACCAAGAATATCTCTTTGATGATTTCTTTTAAGTTGTTCTAATATGGCTTCTCCGCCTTCATTAAATTTAATTGGTGAATTTAGTTTATTAAATAGAATTATATCATGATCTTCTTTTATATTTTTGGTGTTGATTTTTTTATCTTTTTTTAGAGCTGTTTATACTTTATATATATATTCTTACTCTCAACATGGTTCATATTTTGCTGGTTTGTATACTTGTACTCTTGGTTATTTACGTGAATATCATCTTCTATTCTTACATTGGTTTCCTTTAAATATTATATGTTTAAAGGGTGAGCTTTTTTTTGTTTAA	IFMLSYLFMIVFLIPLCLMNNSWWLVHSLMFLFSFVFMICIYSYCDLNMISYYFGVDYFSFCLILLSFWICSLMIMASGSIYLFSYYPNLFIFMILFLLIMLYCSFSSLSLLSFYIFFEASLIPTLFLILGWGYQPERLQAGIYLIFYTLIASLPLLLCLFSVYDYINTLYFPLLFDFGSYYFLFYVFMVLAFLVKMPMFLFHLWLPKAHVEAPISGSMILAGVLLKLGGYGIFRVMKIISFLGLKFNYFWLSLSLSGGVIVSFICFRQVDLKSLIAYSSVAHMSMVIGGLMTMNWWGCMGSLFLMIGHGLCSSGLFCLSNIMYERLGSRSLLVNKGMINLMPSMSLWWFLLSCSNMASPPSLNLIGEFSLLNSIMSWSSFMFLVLIFLSFFSAVYTLYMYSYSQHGSYFAGLYTCTLGYLREYHLLFLHWFPLNIMCLKGELFFV*
northern_reverse	7956	9689	1734	TTGAAGTTATTTTCTATTTGTTCTTTAAGTTTTTTCTCTTTATTTTTATTAAGAACTTTAATTTTTACTTTAGGAATTTATTATTTAATAATTGATTATAGAGTTTTTATTGAGTGAGAGCTTTTTAATTTAAATGGTTCTATAGTTGTTATAACTCTAATTTTGGATTGAATGTCTTTAATTTTTTTATCTTTTGTTATGTATATTTCTTCTTTAGTTATTTATTATAGATATGATTATATAATAGGTGAAAAGAATATAAATCGTTTTATTATTATTGTTTTAATATTTATTCTTTCAATAGGTTTTTTAATTATTAGTCCAAATTTAATTAGAATTTTATTAGGATGAGATGGTCTTGGATTAGTTTCTTATTGTTTAGTTATTTATTATCAGAATAATAAGTCTTATGGTGCTGGTATATTAACTGCTTTATCAAATCGAATTGGTGATGTTGCAATTTTAATTTCTATTGCTTGAATATTTAATTTTGGTGGTTGAAATTATATTTATTATTATGATTTTATTTCTTTTTCTCTTGAAATAAAGTTTATTACAATATTAATCATTTTGGCTGCTATAACAAAGAGTGCTCAAATTCCATTTTCTTCTTGACTTCCTGCAGCTATAGCTGCTCCTACACCTGTTTCTGCTTTAGTTCATTCTTCTACTTTAGTTACTGCAGGTGTTTATTTATTAATTCGTTTTAGACCTATACTTAATATTTATAATTATGGTTGGTTTTTATTATTAATTGGTTGTATAACAATATTTATGGCTGGTTTAGGAGCAAATTTTGAATTTGATTTAAAGAAAATTATTGCCTTATCTACTTTGAGACAACTTGGTTTAATAATAAGAATTTTAGCTATGGGTTATCCAAAGCTTGCTTTTTTTCATTTATTATGTCATGCTTTATTTAAGGCATTATTATTTATATGTGCGGGGTCAATAATTCATAATTTAAAGGATTCTCAGGATATTCGTTTTATAGGCTCACTTGTAAATTTTATACCTTTAACTTCAATTTGTTTTAATGTTTCTAGCTTATCTTTATGTGGAATACCCTTTTTGGCTGGATTTTATTCAAAGGATTTAATTTTGGAGATAATTTGCTTAAGATGAATTAATTTCTTAATTTTTTTTATATATTTCTTTTCTACTGGTTTAACTGCTTCTTATTCTTTTCGTTTATTTTATTATTCAATATCTGGTGATAATAATTTTTATTCAAGTTTTTCTTTTGATGATAAAGGGTTTTATATTTCTTTTGGAATAATTTTATTATTATTTGTTGCAGTTTTTGGTGGTAGTTTACTTTCTTGATTAATTTTTCCTATTCCACATATAATTGTTTTACCATATTATTTAAAATATTTAATTATTACCGTAGTTGTTTTTGGATCTTATTTTGGTTATTTAGTTTCTAAATCAAATTTTTCTCAGGATTTATTTTCTATTAATATATTAGTTTATATAAGATTTATAGGGTCTATATGATTTATACCTTTTATTTCAACTAAATTTATTAATTATTTACCTTTAAAGTTTGGTTATTATTCATCAAAGTCTTTTGATTATGGTTGGGGTGAAATTTTAGGTGGTCAAGGCTTATATAGTTTATTAATATACATATTAAATTATATTCAATATTGATATGATTTTAATTTTAAAATTTATCTTTTAGCTTTTATTTTTTGAATATTGATTTTATTTATGTTATTTTTTATTTAA	LKLFSICSLSFFSLFLLSTLIFTLGIYYLMIDYSVFIEWELFNLNGSMVVMTLILDWMSLIFLSFVMYISSLVIYYSYDYMMGEKNMNRFIIIVLMFILSMGFLIISPNLISILLGWDGLGLVSYCLVIYYQNNKSYGAGMLTALSNRIGDVAILISIAWMFNFGGWNYIYYYDFISFSLEMKFITMLIILAAMTKSAQIPFSSWLPAAMAAPTPVSALVHSSTLVTAGVYLLIRFSPMLNIYNYGWFLLLIGCMTMFMAGLGANFEFDLKKIIALSTLSQLGLMMSILAMGYPKLAFFHLLCHALFKALLFMCAGSMIHNLKDSQDIRFMGSLVNFMPLTSICFNVSSLSLCGMPFLAGFYSKDLILEMICLSWINFLIFFMYFFSTGLTASYSFRLFYYSMSGDNNFYSSFSFDDKGFYISFGMILLLFVAVFGGSLLSWLIFPIPHMIVLPYYLKYLIITVVVFGSYFGYLVSKSNFSQDLFSINMLVYMSFMGSMWFMPFISTKFINYLPLKFGYYSSKSFDYGWGEILGGQGLYSLLMYMLNYIQYWYDFNFKIYLLAFIFWMLILFMLFFI*
northern_reverse	9726	9824	99	ATGTTAAGGAAATATTTTATATTTTTAGGTATATTTATAAATATTAAAATATTATTTTTACAGTGAAAATGTAATGTTTTATTTAAACTATATAAATAG	MLSKYFMFLGMFMNIKMLFLQWKCNVLFKLYK*
northern_reverse	9885	9965	81	ATTTCCTTAATTGGAACTTTATTTTTCAATTATATTATTAACAGTAATACGCCTCTAATTTTGGCTTCAATTAATAAATAA	ISLIGTLFFNYIINSNTPLILASINK*
northern_reverse	10149	10505	357	ATAATAGTAAAAAATATTGTTACTATTGTTCAGATTATAATATTTGATGTTTTTATAATAATTATAATTGGTAAAATTAATGCAATTTCTACATCAAAAATTAGAAAGATTATTGCAATTAAGAAAAATTGTAATGAGAAAGGTATACGAGCTGATCTTTTTGGATCAAATCCACATTCAAATGGTGATCTTTTTTCTCGGTCATTAATTAATTTTTTTGATAGAATTGTTGCAATAATTATAATTATTATTGGTATAGTGAATCTAATAATAACCCCTGTTGATAGAATAAAAATTGTTTTTCTTGATTATAAATCAAGCTTTTTGATTGGAAGTCAAATGTACTATTTATACTAG	MMVKNIVTIVQIMMFDVFMMIMIGKINAISTSKISKIIAIKKNCNEKGMRADLFGSNPHSNGDLFSRSLINFFDSIVAMIMIIIGMVNLMMTPVDSMKIVFLDYKSSFLIGSQMYYLY*
northern_reverse	10533	10724	192	ATTGAAATATATAAAAATAATCATACTACATCTACGAAATGTCAATATCATGCTGCTGCTTCAAAACCGAAGTGATGATTAGGAGAAAATTGATTAATTGAATGTCGTATTAAACATGTAAAGAGAAATATTGTTCCAATAATTACATGTAATCCGTGAAATCCTGTTGCAATAAAGAATGTTGATCCATAA	IEMYKNNHTTSTKCQYHAAASKPKWWLGENWLIECRIKHVKSNIVPMITCNPWNPVAMKNVDP*
northern_reverse	10788	11264	477	ATTCCTAATAATACTGTAAAAAATAGACCTTGTTGTGCTTGGGTATGATTTGATTCTATAATTCTATGGTGTGCTCAAGTTACAGAAACCCCGGATGCTAAAAGAATAGCTGTATTAAGTAATGGAATTTGTATAGGGTTAAATGGTTGAATTCCTATTGGTGGTCATAATATTCCTAATTCAATGGTTGGTGTTAATCTTCTTCTAAAAAAAGCTCAAAAGAATGAAATAAAGAATAATACTTCTGATACAATAAATAAAATTATACCTCATCGTAGTCTAATCAATACAAATTCTGTATGTAGTCCTTGATATGTTCCTTCACGGATTACATCTCGTCATCATTGAATTATTGTAAATAAAGTAATTATTATTCCAATTAAAAATAAGTTTATGTTAAATAAATGAAATCATTTAGCTAATCCTGAAACTATAACTATTGCTCCAATTGCTCCCGTTAATGGTCATGGTCTATAA	IPNNTVKNSPCCAWVWFDSMILWCAQVTETPDAKSMAVLSNGICMGLNGWIPIGGHNIPNSMVGVNLLLKKAQKNEMKNNTSDTMNKIMPHRSLINTNSVCSPWYVPSRITSRHHWIIVNKVIIIPIKNKFMLNKWNHLANPETMTIAPIAPVNGHGL*
northern_reverse	11976	12146	171	ATTTGTTATCATTTTCAGCTTAAGTTTTTACTTTCAATTTTTCCTTTTTCTATATTGCTTAATATTTTGGTTTTAAATAAGAAAAAGTTTATTTGATTAAATAAGATAAAAACAGTAGAAAATAGAATAAATAGTGAAAATCATATTAAAGGTGATATTTGAGGGATTTAG	ICYHFQLKFLLSIFPFSMLLNILVLNKKKFIWLNKMKTVENSMNSENHIKGDIWGI*
northern_reverse	12258	12404	147	ATTGACACTCTAATGTTATTTTTAACTAACTCCTTAAATTATTTTAGACAGTCATTTAATGAATATATTTGTTGAAGTTCTTTCAATTACAATAGGTATAAATCTATGATTTGCTCCACAAATTTCTGAACATTGTCCAAAGAATAA	IDTLMLFLTNSLNYFSQSFNEYICWSSFNYNSYKSMICSTNFWTLSKE*
northern_reverse	12594	12728	135	ATCATTTTCTGGTGTTATATATGTATCAAATTCAATATTTATAAAGTCTGAATATTCATAACTTCAGTACCATTGACGTCCAATTGTTTTAATTGTAATTATTACATTTACTGAATCATCAAGAAGGTAAAGTAG	IIFWCYMCIKFNIYKVWMFMTSVPLTSNCFNCNYYIYWIIKKVK*
northern_reverse	13050	13256	207	ATTAATGGTAATTCTGAGTATCTATGTTCTGTTGGGGGATTATTTTGTAATCATTCTGTAGATCTTCTTATATTGGAGCTAAATATAATTGATCGATTTGAAATTATACTTTCTCATATGATTAAAATAAATATGATAGTTCCTACAATTGAAATGGTTGATCCAATACTTGAAATTACATTTCATGATGTATATGCATCAGGATAA	INGNSEYLCSVGGLFCNHSVDLLMLELNMIDRFEIMLSHMIKMNMMVPTIEMVDPMLEITFHDVYASG*
northern_reverse	13275	13448	174	ATTCCTGCCAATCCTAGGAAATGTTGAGGGAAGAAAGTTAAATTTACTCCAATAAATATAATTGTAAATTGAAGTTTTAATCATATGTTATTCATTGTTAATCCGGTGAATAAAGGATATCATTGAATAATACCTCCTATGATTGCAAATACTGCTCCTATAGATAAAACGTAG	IPANPSKCWGKKVKFTPMNMIVNWSFNHMLFIVNPVNKGYHWMMPPMIANTAPMDKT*
northern_reverse	13485	13601	117	ATGATATCAAGGGAAGAATTTGCTAATACTAATCCTGTTAATCCACCAATTGTAAATAGAAAAATAAATCCAAGTGCTCATAATAATGGTGGGTTAAATTTAAATTTTGTTCCATAA	MMSSEEFANTNPVNPPIVNSKMNPSAHNNGGLNLNFVP*
northern_reverse	13629	13760	132	ATTCCAGTTGGTACTGCAATAATTATTGTTGCTGATGTAAAATATGCTCGTGTATCAACATCTATCCCCACTGTAAATATATGATGTGCTCATACAATAAATCCTATAATTCCAATTGATAATATTGCGTAG	IPVGTAMIIVADVKYARVSTSIPTVNMWCAHTMNPMIPIDNIA*
northern_reverse	13761	13853	93	ATTATCCCTAATGTTCCAAATGATTCAATTTTTCCTCTTTCTTGGCAAACAATATGAGAAATAATTCCAAATCCAGGAAGAATTAAAATATAA	IIPNVPNDSIFPLSWQTMWEMIPNPGSIKM*
northern_reverse	13896	14198	303	ATTGGATCACCCCCTCCTGCAGGGTCAAAAAATGATGTATTTAAATTTCGATCGGTTAATAATATGGTAATAGCTCCTGCTAAAACTGGAAGTGATAATAATAAAAGTAGGGCTGTAATAGCAACTGATCAAACAAATAGTGGTGTTTGATCAAGAGATATACTTCCTGAACGTATATTAATTGTTGTTGTAATAAAATTGACTGCCCCTAGAATTGATGATACACCAGCAAGATGTAATGAGAAAATTGCTAAATCAACTGATGTTCCCCCGTGAGCAATTGGTCCAGCAAGTGGAGGGTAA	IGSPPPAGSKNDVFKFRSVNNMVMAPAKTGSDNNKSSAVMATDQTNSGVWSSDMLPERMLIVVVMKLTAPSIDDTPASCNEKIAKSTDVPPWAIGPASGG*
northern_reverse	14232	14423	192	ATAGAGGACGAAATTAGCAGGGTCAATGAAGGTGGTAAAAGTCAAAAACTTATATTATTTATTCGTGGGAATGCTATATCTGGGGCTCCAATTATTAATGGGACTAGTCAATTACCAAATCCTCCAATTATGATAGGTATAACTATAAAGAAAATTATTACAAATGCGTGGGCTGTAATAATTACATTATAG	MEDEISSVNEGGKSQKLMLFIRGNAMSGAPIINGTSQLPNPPIMMGMTMKKIITNAWAVMITL*
northern_reverse	14424	14609	186	ATTTGATCATCTCTAATTAATGATCCTGGTTGTCCTAATTCTGTTCGAATAATTATTCTTATTGATGTTCCTACTATTCCAGCCCATGCACCAAAAATAAAATACAACGTTCCAATATCCCTATGGTTTGTTGAAAATAATCATTTATTCGGTAAGATGGCTGAATTAGTAGGTGATAGACTGTAA	IWSSLINDPGCPNSVRMIILIDVPTIPAHAPKMKYNVPMSLWFVENNHLFGKMAELVGDSL*
