start_pos	end_pos	genetic_direction	bp_length	DNA_seq_southern	amino_acid_seq_southern
191	1240	coding_strand	1050	ATAGAGGTATCAACCCTCTCCTTTTTAATGGTCAACAACTCTACAAAACTTCTCTTCCTATCAATATTATTGATAGGAACGATCCTGTCCATCTCATCAAACTCTTGATTCGGAGTTTGAATAGGACTAGAGATCAACTTACTCTCATTTATTCCCATATTAACAAGAAATAAAAATGTAATGATAAATGAATCATCAGTTAAATATTTTATTGTCCAGGCAATAGCATCGACAATATTATTATTCTCTATTTTATTAATCCAAATAAAATATAGAATAAGATGGGAAACAGAATTAATCCCTTCAATGATAGTTAGATCAAGACTATTATTAAAAATAGGAGCTGTTCCTTTTCATTTATGACTTCCTGAAGTTATAGGAACCTCATCATGAATTAATTGTTTAACATTAATAACATGACAAAAAATTGCTCCAATAATAGTAATATCCTACTGCATCCAAATAAGAATATTTATATTTACAATTTCTATCTTAAGAATTATTATTGGAGCATTAGGAGGATTAAATCAAACATCATTACGACAACTTTTAGCATATTCATCAATTAGTCATTTAGGATGAATAATTAGATCCTTAATAGTGAGAGAAAATGTATGAGAACTATATTTTGTTATTTATTCACTACTAAGACTAATTATAATTTTACTGTTTAAACAAATAAATTTATTTTCCTTAAATCAAATTTATTCATCGACAAACATAAAATCAGAAACTAAATTTTTTATATTTACGTCCCTCCTTTCATTAGGAGGATTACCACCTTTTCTTGGATTCTTACCAAAATGAATTGTTATTAATTCCCTTGTAGAAAATAACATATTAATCATGGTAACAATTATAGTTATATTTTCTACAATTACACTATATTTTTACTTACGAATTAGATTCTCAGCTTTTATTCTATCTTACTCAGAAAATTCGTGATCAATATTTCTTTTTTCAAATAAATCAAGATTTATTTTATCAATAACAGTAGTAATTTCAACTCTAGGTCTAATATTAACATCAATATTAATTTCCTTATTTTAA	MEVSTLSFLMVNNSTKLLFLSMLLMGTILSISSNSWFGVWMGLEINLLSFIPMLTSNKNVMMNESSVKYFIVQAMASTMLLFSILLIQMKYSMSWETELIPSMMVSSSLLLKMGAVPFHLWLPEVMGTSSWINCLTLMTWQKIAPMMVMSYCIQMSMFMFTISILSIIIGALGGLNQTSLRQLLAYSSISHLGWMISSLMVSENVWELYFVIYSLLSLIMILLFKQMNLFSLNQIYSSTNMKSETKFFMFTSLLSLGGLPPFLGFLPKWIVINSLVENNMLIMVTIMVMFSTITLYFYLRISFSAFILSYSENSWSMFLFSNKSSFILSMTVVISTLGLMLTSMLISLF*
3867	4028	coding_strand	162	ATCCCTCAAATATCACCTTTAATATGATTTTCACTATTTATTCTATTTTCTACTGTTTTTATCTTATTTAATCAAATAAACTTTTTCTTATTTAAAACCAAAATATTAAACAATATAGAAAAAGGAAAAATTGAAAGTAAAAACTTAAACTGAAAATGATAA	IPQMSPLMWFSLFILFSTVFILFNQMNFFLFKTKMLNNMEKGKIESKNLNWKW*
4022	4699	coding_strand	678	ATGATAACAAATTTATTTTCAACATTTGACCCATCAACCAACTTATTTAATTTATCATTAAATTGAACTAGAACATTTATAGGTTTATTATTAATTCCATCAATATTTTGATTAACATCATCACGAATTAATATTATTTGAAATAAGTTAAATATAACTCTTCATAATGAATTCAAAACACTATTAGGACCAAAATCATTTAATGGAATAACACTTATTTTTATTTCAATATTCATTATAATAATATTTAATAATTTTATAGGACTATTCCCTTATATTTTTACAAGAACTAGACACATAACTTTAACATTTTCAATTGCACTACCAATATGACTTAGATTTATATTATTTGGTTGAATTAATCATACTAATCATATATTTACACACTTAGTTCCTCAAGGAACCCCTGCAGTACTTATATCATTCATAGTATTAATTGAAACAATCAGAAATGTAATTCGACCTGGAACTCTAGCAGTACGATTAGCAGCAAATATAATTGCAGGACATTTACTATTAACTTTGTTAGGAAATACAGGACCATCAATAACAATAAATATAATTTCATTTTTAATTATTGGACAAATATTACTTATAATTCTAGAATCAGCAGTAGCTATAATTCAAGCCTATGTATTCTCAATTTTAAGAACTCTTTATTCTAGAGAAGTATATTAA	MMTNLFSTFDPSTNLFNLSLNWTSTFMGLLLIPSMFWLTSSRINIIWNKLNMTLHNEFKTLLGPKSFNGMTLIFISMFIMMMFNNFMGLFPYIFTSTSHMTLTFSIALPMWLSFMLFGWINHTNHMFTHLVPQGTPAVLMSFMVLIETISNVIRPGTLAVRLAANMIAGHLLLTLLGNTGPSMTMNMISFLIIGQMLLMILESAVAMIQAYVFSILSTLYSSEVY*
4680	5495	coding_strand	816	ATTCTAGAGAAGTATATTAAACATATGTTAACAATACATTCAAACCACCCATTTCATATAGTAGATTATAGACCATGACCATTAACGGGGGCAATTGGAGCAATAGTTATAGTTTCAGGATTGGCTAAATGATTCCATTTATTTAACATAAACTTATTTTTAATTGGAATAATAATTACTTTATTTACAATAATTCAATGATGACGAGATGTAATCCGTGAAGGAACATATCAAGGACTACATACAGAATTTGTATTGATTAGACTACGATGAGGTATAATTTTATTTATTGTATCAGAAGTATTATTCTTTATTTCATTCTTCTGAGCTTTTTTTAGAAGAAGATTAACACCAACCATTGAATTAGGAATATTATGACCACCAATAGGAATTCAACCATTTAACCCTATACAAATTCCATTACTTAATACAGCTATTCTTTTAGCATCCGGGGTTTCTGTAACTTGAGCACACCATAGAATTATAGAATCAAATCATACCCAAGCACAACAAGGTCTATTTTTTACAGTATTATTAGGAATTTACTTTACTATACTTCAGATATATGAATACTGAGAAGCCCCTTTTACTATTGCTGATGCAATTTATGGATCAACATTCTTTATTGCAACAGGATTTCACGGATTACATGTAATTATTGGAACAATATTTCTCTTTACATGTTTAATACGACATTCAATTAATCAATTTTCTCCTAATCATCACTTCGGTTTTGAAGCAGCAGCATGATATTGACATTTCGTAGATGTAGTATGATTATTTTTATATATTTCAATCTATTGATGAGGTAGATAA	ILEKYIKHMLTMHSNHPFHMVDYSPWPLTGAIGAMVMVSGLAKWFHLFNMNLFLIGMMITLFTMIQWWRDVIREGTYQGLHTEFVLISLRWGMILFIVSEVLFFISFFWAFFSSSLTPTIELGMLWPPMGIQPFNPMQIPLLNTAILLASGVSVTWAHHSIMESNHTQAQQGLFFTVLLGIYFTMLQMYEYWEAPFTIADAIYGSTFFIATGFHGLHVIIGTMFLFTCLMRHSINQFSPNHHFGFEAAAWYWHFVDVVWLFLYISIYWWGS*
5565	5918	coding_strand	354	ATTTTTATTCTATCAACAGGAGTTATTATTAGATTCACTATTCCAATAATAATTATAATTATTGCAACAATTCTATCAAAGAAATTAATTAATGACCGAGAAAAAAGATCACCATTTGAATGTGGATTTGATCCAAAAAGATCAGCTCGTATACCTTTCTCATTACAATTTTTCTTAATTGCAATAATCTTTTTAATTTTTGATGTAGAAATTGCATTAATTTTACCAATTATAATTATTATAAAAACATCAAATATTATAATCTGAACAATAGTAACAATATTTTTTACTATTATTTTATTAAGAGGTCTTTATCATGAATGAAATCAAGGAGCTCTTCAATGAGCAAATTAA	IFILSTGVIISFTIPMMIMIIATILSKKLINDREKSSPFECGFDPKSSARMPFSLQFFLIAMIFLIFDVEIALILPIMIIMKTSNIMIWTMVTMFFTIILLSGLYHEWNQGALQWAN*
8053	6320	complement	1734	TTGAAGTTATTTTCTATTTGTTCTTTAAGTTTTTTCTCTTTATTTTTATTAAGAACTTTAATTTTTACTTTAGGAATTTATTATTTAATAATTGATTATAGAGTTTTTATTGAGTGAGAGCTTTTTAATTTAAATGGTTCTATAGTTGTTATAACTCTAATTTTGGATTGAATGTCTTTAATTTTTTTATCTTTTGTTATATATATTTCTTCTTTAGTTATTTATTATAGATATGATTATATAATAGGTGAAAAGAATATAAATCGTTTTATTATTATTGTTTTAATATTTATTCTTTCAATAGGTTTTTTAATTATTAGTCCAAATTTAATTAGAATTTTATTAGGATGAGATGGTCTTGGATTAGTTTCTTATTGTTTAGTTATTTATTATCAGAATAATAAGTCTTATAGTGCTGGTATATTAACTGCTTTATCAAATCGAATTGGTGATGTTGCAATTTTAATTTCTATTGCTTGAATATTTAATTTTGGTGGTTGAAATTATATTTATTATTATGATTTTATTTCTTTTTCTCTTGAAATAAAGTTTATTACAATATTAATCATTTTGGCTGCTATAACAAAGAGTGCTCAAATTCCATTTTCTTCTTGACTTCCTGCAGCTATAGCTGCTCCTACACCTGTTTCTGCTTTAGTTCATTCTTCTACTTTAGTTACTGCAGGTGTTTATTTATTAATTCGTTTTAGACCTATACTTAATATTTATAATTATGGTTGGTTTTTATTATTAATTGGTTGTATAACAATATTTATGGCTGGTTTAGGGGCAAATTTTGAATTTGATTTAAAGAAAATTATTGCCTTATCTACTTTGAGACAACTTGGTTTAATAATAAGAATTTTAGCTATGGGTTATCCAAAGCTTGCTTTTTTTCATTTATTATGTCATGCTTTATTTAAGGCATTATTATTTATGTGTGCGGGTTCAATAATTCATAATTTAAAGGATTCTCAGGATATTCGTTTTATAGGCTCACTTGTAAATTTTATACCTTTAACTTCAATTTGTTTTAATGTTTCTAGCTTATCTTTATGTGGAATACCATTTTTGGCTGGATTTTATTCAAAGGATTTAATTTTGGAGATAATTTGCTTAAGATGAATTAATTTCTTAATTTTTTTTATATATTTCTTTTCTACTGGTTTAACTGCTTCTTATTCTTTTCGTTTATTTTATTATTCAATATCTGGTGATAATAATTTTTATTCAAGTTTTTCTTTTGATGATAAAGGGTTTTATATTTCTTTTGGAATAATTTTATTATTATTTGTTGCAGTTTTTGGTGGTAGTTTACTTTCTTGATTAATTTTTCCTATTCCACATATAATTGTTTTACCATATTATTTAAAATATTTAATTATTACCGTAGTTGTTTTTGGATCTTATTTTGGTTATTTAGTTTCTAAATCAAATTTTTCTCAGGATTTATTTTCTATTAATATATTATTTTATATAAGATTTATAGGGTCTATATGATTTATACCTTTTATTTCAACTAAATTTATTAATTATTTACCTTTAAAGTTTGGTTATTATTCATCAAAGTCCTTTGATTATGGTTGGGGTGAAATTTTAGGTGGTCAAGGCTTATATAGTTTATTAATATACATATTAAATTATATTCAATATTGATATGATTTTAATTTTAAAATTTATCTTTTAGCTTTTATTTTTTGAATATTGATTTTATTTATGTTATTTTTTATTTAA	LKLFSICSLSFFSLFLLSTLIFTLGIYYLMIDYSVFIEWELFNLNGSMVVMTLILDWMSLIFLSFVMYISSLVIYYSYDYMMGEKNMNRFIIIVLMFILSMGFLIISPNLISILLGWDGLGLVSYCLVIYYQNNKSYSAGMLTALSNRIGDVAILISIAWMFNFGGWNYIYYYDFISFSLEMKFITMLIILAAMTKSAQIPFSSWLPAAMAAPTPVSALVHSSTLVTAGVYLLIRFSPMLNIYNYGWFLLLIGCMTMFMAGLGANFEFDLKKIIALSTLSQLGLMMSILAMGYPKLAFFHLLCHALFKALLFMCAGSMIHNLKDSQDIRFMGSLVNFMPLTSICFNVSSLSLCGMPFLAGFYSKDLILEMICLSWINFLIFFMYFFSTGLTASYSFRLFYYSMSGDNNFYSSFSFDDKGFYISFGMILLLFVAVFGGSLLSWLIFPIPHMIVLPYYLKYLIITVVVFGSYFGYLVSKSNFSQDLFSINMLFYMSFMGSMWFMPFISTKFINYLPLKFGYYSSKSFDYGWGEILGGQGLYSLLMYMLNYIQYWYDFNFKIYLLAFIFWMLILFMLFFI*
9463	8123	complement	1341	ATCTTTATGTTAAGGTATTTATTTATAATTGTTTTTTTGATTCCCCTTTGTTTAATAAATAATTCTTGATGGTTGGTTCATTCTTTAATATTTTTATTTAGTTTTGTTTTTATAATTTGTATTTATTCATATTGTGATTTAAATATAATTAGATATTATTTTGGGGTTGATTATTTTTCTTTTTGTTTAATTTTACTTAGATTTTGAATTTGTTCTTTAATAATTATGGCTAGAGGTTCAATTTATTTATTTTCTTATTATTCAAATTTGTTTATTTTTATGATTTTATTTCTTTTAATTATATTATATTGTTCTTTTTCAAGTTTAAGATTATTATCTTTTTATATTTTTTTTGAAGCAAGATTAATCCCGACTTTATTTTTAATTTTAGGTTGAGGTTATCAACCTGAGCGTCTTCAGGCTGGAATTTATTTAATTTTTTATACTTTGATTGCTAGATTACCATTATTATTTTGTTTATTTAGGGTTTATGATTATATTAATACTTTATATTTTCCCTTGTTATTTGATTTTGGTTCTTATTATTTCTTATTTTATGTTTTTATAGTTTTAGCTTTTTTAGTTAAAATGCCAATATTTTTATTTCATTTATGATTACCTAAGGCTCATGTTGAGGCACCTATTTCTGGAAGAATAATTTTAGCTGGTGTTTTATTAAAGTTAGGAGGTTATGGTATTTTTCGTGTAATAAAAATTATTTCTTTTTTGGGTTTAAAGTTTAATTATTTTTGATTATCTTTGAGTTTATCAGGAGGAGTTATTGTAAGATTTATTTGTTTCCGTCAAGTTGATTTAAAATCTTTAATTGCTTATTCTTCTGTTGCTCATATAAGAATAGTTATTGGTGGTTTAATAACTATAAATTGATGGGGTTGTATAGGTTCTTTATTTTTAATAATTGGTCATGGTTTATGTTCTTCTGGTTTATTTTGTTTGTCAAATATTATATATGAGCGTTTAGGTAGACGAAGTTTATTAGTAAATAAGGGTATAATTAATCTTATACCAAGAATATCTCTTTGATGATTTCTTTTAAGTTGTTCTAATATGGCTTCTCCACCTTCATTAAATTTAATTGGTGAATTTAGTTTATTAAATAGAATTATATCATGATCTTCTTTTATATTTTTGGTGTTGATTTTTTTATCTTTTTTTAGAGCTGTTTATACTTTATATATATATTCTTATTCTCAACATGGTTCATATTTTGCTGGTTTGTATACTTGTACTCTTGGTTATTTACGTGAATATCATCTTCTATTCTTACATTGGTTTCCTTTAAATATTATATGTTTAAAGGGTGAGCTTTTTTTTGTTTAA	IFMLSYLFMIVFLIPLCLMNNSWWLVHSLMFLFSFVFMICIYSYCDLNMISYYFGVDYFSFCLILLSFWICSLMIMASGSIYLFSYYSNLFIFMILFLLIMLYCSFSSLSLLSFYIFFEASLIPTLFLILGWGYQPERLQAGIYLIFYTLIASLPLLFCLFSVYDYINTLYFPLLFDFGSYYFLFYVFMVLAFLVKMPMFLFHLWLPKAHVEAPISGSMILAGVLLKLGGYGIFRVMKIISFLGLKFNYFWLSLSLSGGVIVSFICFRQVDLKSLIAYSSVAHMSMVIGGLMTMNWWGCMGSLFLMIGHGLCSSGLFCLSNIMYERLGSRSLLVNKGMINLMPSMSLWWFLLSCSNMASPPSLNLIGEFSLLNSIMSWSSFMFLVLIFLSFFSAVYTLYMYSYSQHGSYFAGLYTCTLGYLREYHLLFLHWFPLNIMCLKGELFFV*
9795	9451	complement	345	ATCTTATTTTTGGTTTACAAGACCAGTGTTTTTTTTAAACTATTAAAACTAATGTTTATATTTTCTATTTTTACTTCTTTGTTAATTTATTTTGCTGGTGTATATATTTTTTCTTTAAAACGTAAGCATTTATTAATAGTTTTGTTAAGATTGGAATATATTGTTCTTTCTTTATTTATATTAATTATTATTTTTCTTATTGAATTTGATTATGATTATTTCTTTCCTGTAATTTTTTTAATTTTTTCTGTTTGTGAGGGTGCCTTAGGTTTATCAATTTTAGTTTCTATAATTCGTTCTCATGGTAATGATTTTTTTAATTCTTTTAGTTTATCTTTATGTTAA	ILFLVYKTSVFFKLLKLMFMFSIFTSLLIYFAGVYIFSLKRKHLLMVLLSLEYIVLSLFMLIIIFLIEFDYDYFFPVIFLIFSVCEGALGLSILVSMIRSHGNDFFNSFSLSLC*
9829	10404	coding_strand	576	ATATTTCTATCTTTAGTCTCCAAAACCAATATTTTAAATAAACTAACTCCTGAAATGATAAAAATAATAATTATAGTATTATTAAACGTAATAAGTATTAATTTTATTAAATTAAATCATCCAATATCAATAATAATATTTATTATTTTTCAAACTTTCCTTATTGGATTAATAAGTGGAACAATTATAGAAAGATTTTGATTATCATACATTTTATTTTTAATATTTCTTGGAGGTATATTAGTATTATTTATTTATATTACAAGAATTGCATCAAATGAAATATTTAAACCAAAGTTAATAATTTTAATATTTTCGCTTATTTTATGAATTATTATTGTAGTAATTTTAATTATTTTAGATAAAATAATATTTATAGATCTTTTTAAAAATACAGAAACTGTTAATATTAGTAATTCAATTAATTATCAAGAAATAACATTTTCATTAGAAAAATTATATAATAATCCAACATTTATTATTACAATAATAATAATAATTTATTTATTTGTAGCATTATTAGCGGTAGTAAAAATCACTAATATTAATCAAGGACCTATTCGTAAAATAAAATAA	MFLSLVSKTNILNKLTPEMMKMMIMVLLNVMSINFIKLNHPMSMMMFIIFQTFLIGLMSGTIMESFWLSYILFLMFLGGMLVLFIYITSIASNEMFKPKLMILMFSLILWIIIVVILIILDKMMFMDLFKNTETVNISNSINYQEMTFSLEKLYNNPTFIITMMMMIYLFVALLAVVKITNINQGPIRKMK*
10411	11550	coding_strand	1140	ATGAATAAACCAACTCGATTAAGACATCCTTTATTTAAAATTATTAATAATTCTTTGATTGATCTACCTGCACCAACTAATATTTCATTTTGATGGAATATTGGTTCCTTATTAGGATTATGTTTAATAATTCAAATTATAACAGGATTATTTTTAGCTATACATTATACTTCAAATATTGAAATAGCATTTAGAAGAGTAGTTCATATTTGTCGAGATGTAAATAATGGTTGAATTATCCGAACCCTTCATGCTAATGGAGCATCAATATTTTTTATTTGTATTTATCTTCATGTTGGTCGAGGAATTTATTACGGATCATATATGTACATTCATACATGAATAATTGGAACAATTATTTTATTTTTAGTTATAGCAACCGCATTTATAGGTTATGTTTTACCATGAGGACAAATATCATTTTGAGGTGCAACAGTAATTACTAATTTATTATCAGCAATTCCATATCTAGGTACAGATTTAGTACAATGAGTATGGGGAGGGTTTGCTGTAGATAATGCAACATTAAATCGATTCTTTTCCTTTCATTTTGTTTTACCATTTATAATTATTACTATAGCAGTAATTCACTTATTTTTTCTTCATCAAAGAGGATCAAATAATCCATTAGGAATTAATAGAAATATTGAAAAAATCCCTTTTCATCCCTATTTTACATTTAAGGATTCAATTACATTTATCTTTATAACATCTTTATTAGTTATATTATGCCTAATTAATCCTTTCTTATTAGGAGATCCTGATAATTTTGTGCCAGCAAACCCTTTAGTTACCCCTATTCATATTCAACCTGAATGATACTTTCTATTTGCATATGCAATTTTACGATCAATCCCAAATAAATTAGGTGGAGTTATTGCTCTATTTTTATCAATTAGAATCTTAATAATTCTTCCATTCTATAATAAAACACCATTTCGAGGAATTCAATTTTATCCAATTAATCAAATAATATTTTGAATTATAGTAATTATTGTAATTCTATTAACATGAATTGGAAAACGGCCTGTAGAAGAGCCTTATATTATAACTGGACAGATTTTAACAATTATTTACTTTTCTTACTTCATTATTAATGTTCATATTGCAAATATATGAGATAAATTAATTAAAGATTAA	MNKPTRLSHPLFKIINNSLIDLPAPTNISFWWNIGSLLGLCLMIQIMTGLFLAMHYTSNIEMAFSSVVHICRDVNNGWIIRTLHANGASMFFICIYLHVGRGIYYGSYMYIHTWMIGTIILFLVMATAFMGYVLPWGQMSFWGATVITNLLSAIPYLGTDLVQWVWGGFAVDNATLNRFFSFHFVLPFMIITMAVIHLFFLHQSGSNNPLGINSNIEKIPFHPYFTFKDSITFIFMTSLLVMLCLINPFLLGDPDNFVPANPLVTPIHIQPEWYFLFAYAILRSIPNKLGGVIALFLSISILMILPFYNKTPFRGIQFYPINQMMFWIMVIIVILLTWIGKRPVEEPYIMTGQILTIIYFSYFIINVHIANMWDKLIKD*
12605	11643	complement	963	ATTCTACAAATAGTATTGATATTTTATGATTTATTTATGTTTATTTTAAATTTTCTTTTTTTATTAATTTGTGTTTTAATTAGTGTTGCTTTTTTAACTTTGTTAGAGCGAAAGGTATTAGGTTATATTCAAATTCGGAAAGGTCCTAATAAAGTTGGTTTTTCTGGTTTTATTCAACCTTTTAGTGACGCTATTAAATTAATTTGTAAGGAACAGCCTATTCCTATTTTATCAAATTATTTATTATACTATTTTGCCCCCGTATTTAATTTAATAATTTCTTTAATTATTTGAATGATTTTTCCTTATTTAACTTATATATGTTCATTTTCTTATGGGTTTTTATTCTTTTTATGTTGTACTAGATTAAGTGTTTATACTGTAATAATTGCTGGTTGATCATCTAATTCAAATTATTCTTTATTAGGATCCATACGTTCTGTTGCTCAAACTATTTCTTATGAAGTAAGATTAGCTTTAATTTTATTATCTTTAGTTATTTTAATTGGTAGATTTAATATATTTGATTTTATTAATTATCAGATTTATTGTTGATTTATTATTATTTCTTTTCCTTTATTTTTATCATTTTTTGCTTCCTGTTTAGCAGAGACTAATCGTACTCCTTTTGATTTTGCTGAGGGTGAATCTGAATTAGTTTCAGGGTTTAATATTGAATATGGTGCTAGTGGATTTACTTTAATTTTTTTAGCTGAATATACAAGAATTATTTTTATAAGAATATTTTTGGTTTTAATTTTTTTAGGAGGTGATTTTAATTCTTTTACATTTTTTGTAAAGCTTTCTATTATATCTTTTATTTTTATTTGAGTTCGTGGAACTTTACCTCGTTTTCGGTATGATAAGTTAATATATTTAGCATGAAGGGGATTTTTACCTTTATCTTTAAATTTTTTTATTTTTTATATTGGATTTAAAATTTTATTAATTTCAATTATTTAG	ILQMVLMFYDLFMFILNFLFLLICVLISVAFLTLLERKVLGYIQIRKGPNKVGFSGFIQPFSDAIKLICKEQPIPILSNYLLYYFAPVFNLMISLIIWMIFPYLTYMCSFSYGFLFFLCCTSLSVYTVMIAGWSSNSNYSLLGSMRSVAQTISYEVSLALILLSLVILIGSFNMFDFINYQIYCWFIIISFPLFLSFFASCLAETNRTPFDFAEGESELVSGFNIEYGASGFTLIFLAEYTSIIFMSMFLVLIFLGGDFNSFTFFVKLSIMSFIFIWVRGTLPRFRYDKLMYLAWSGFLPLSLNFFIFYIGFKILLISII*
1398	2972	coding_strand	1575	ATTTACAGTCTATCACCTACTAATTCAGCCATCTTACCGAATAAATGATTATTTTCAACAAACCATAGGGATATTGGAACGTTGTATTTTATTTTTGGTGCATGGGCTGGAATAGTAGGAACATCAATAAGAATAATTATTCGAACAGAATTAGGACAACCAGGATCATTAATTAGAGATGATCAAATCTATAATGTAATTATTACAGCCCACGCATTTGTAATAATTTTCTTTATAGTTATACCTATCATAATTGGAGGATTTGGTAATTGACTAGTCCCATTAATAATTGGAGCTCCAGATATAGCATTCCCACGAATAAATAATATAAGTTTTTGACTTTTACCACCTTCATTGACCCTGCTAATTTCGTCCTCTATAGTTGATAACGGAGCTGGGACTGGATGAACAGTTTACCCTCCACTTGCTGGACCAATTGCTCACGGAGGAACATCAGTTGATTTAGCAATTTTCTCATTACATCTTGCTGGTGTATCATCAATTCTAGGGGCAGTCAATTTTATTACAACAACAATTAATATACGTTCAGGAAGTATATCTCTTGATCAAACACCACTATTTGTTTGATCAGTTGCTATTACAGCCCTACTTTTATTATTATCACTTCCAGTTTTAGCAGGAGCTATTACCATATTATTAACTGATCGAAATTTAAATACATCATTTTTTGACCCTGCAGGAGGGGGTGATCCAATTCTTTATCAACACTTATTTTGATTTTTTGGGCATCCAGAAGTTTATATTTTAATTCTTCCTGGATTTGGAATTATTTCTCATATTGTTTGCCAAGAAAGAGGAAAAATTGAATCATTTGGAACATTAGGGATAATCTACGCAATATTATCAATTGGAATTATAGGATTTATTGTATGAGCACATCATATATTTACAGTGGGGATAGATGTTGATACACGAGCATATTTTACATCAGCAACAATAATTATTGCAGTCCCAACTGGAATTAAGGTATTTAGCTGATTAGCTACACTTTATGGAACAAAATTTAAATTTAACCCACCATTATTATGAGCACTTGGATTTATTTTTCTATTTACAATTGGTGGATTAACAGGATTAGTATTAGCAAATTCTTCCCTTGATATCATTTTACATGATACTTACTATGTTGTAGCTCACTTTCACTACGTTTTATCTATAGGAGCAGTATTTGCAATCATAGGAGGTATTATTCAATGATATCCTTTATTCACCGGATTAACAATGAATAACATATGATTAAAACTTCAATTTACAATTATATTTATTGGAGTAAATTTAACTTTCTTCCCTCAACATTTCCTAGGATTGGCAGGAATACCTCGACGATATTCAGATTATCCTGATGCATATACATCATGAAATGTAATTTCAAGTATTGGATCAACCATTTCAATTGTAGGAACTATCATATTTATTTTAATCATATGAGAAAGTATAATTTCAAATCGATCAATTATATTTAGCTCCAATATAAGAAGATCTACAGAATGATTACAAAATAATCCCCCAACAGAACATAGATACTCAGAATTACCATTAATTTCTAGATTCTAA	IYSLSPTNSAILPNKWLFSTNHSDIGTLYFIFGAWAGMVGTSMSMIIRTELGQPGSLISDDQIYNVIITAHAFVMIFFMVMPIMIGGFGNWLVPLMIGAPDMAFPRMNNMSFWLLPPSLTLLISSSMVDNGAGTGWTVYPPLAGPIAHGGTSVDLAIFSLHLAGVSSILGAVNFITTTINMRSGSMSLDQTPLFVWSVAITALLLLLSLPVLAGAITMLLTDRNLNTSFFDPAGGGDPILYQHLFWFFGHPEVYILILPGFGIISHIVCQESGKIESFGTLGMIYAMLSIGIMGFIVWAHHMFTVGMDVDTRAYFTSATMIIAVPTGIKVFSWLATLYGTKFKFNPPLLWALGFIFLFTIGGLTGLVLANSSLDIILHDTYYVVAHFHYVLSMGAVFAIMGGIIQWYPLFTGLTMNNMWLKLQFTIMFIGVNLTFFPQHFLGLAGMPRRYSDYPDAYTSWNVISSIGSTISIVGTIMFILIMWESMISNRSIMFSSNMSSSTEWLQNNPPTEHSYSELPLISSF*
3035	3718	coding_strand	684	ATGGCAACATGATCAAATATATCATTACAAGATAGAGCTTCACCTTTAATAGAACAACTATCATTCTTTCATGATCATACAATAATAGTATTATTATTAATTACTGTAATTGTAGGATATACATTAAGATATATATTAATTATTTCTTCAACAAGAAAAAATATACTTCATGGGCATTTAATTGAAACTATTTGAACTACAATTCCAGCTATTACATTAATCTTCATCGCATTACCATCCCTACGTCTACTTTATCTTCTTGATGATTCAGTAAACGTAATAATTACAATTAAAACAATTGGACGTCAATGGTACTGAAGTTATGAATATTCAGACTTTATAAATATTGAATTTGATACATATATAACACCAGAAAATGATTTAGAAATTAATGGATTTCGATTAATTGACGTAGACAACCGAACAATCTTACCAATAAATACTGAAATTCGAATTTTAACAAGTGCATCAGACGTACTTCACTCATGAGCAGTACCAGCCCTAGGAATTAAAATTGATGCAACACCAGGACGACTAAATCAAGGAACATTTTTAATAAACCGACCTGGATTATTCTTTGGACAATGTTCAGAAATTTGTGGAGCAAATCATAGATTTATACCTATTGTAATTGAAAGAACTTCAACAAATATATTCATTAAATGACTGTCTAAAATAATTTAA	MATWSNMSLQDSASPLMEQLSFFHDHTMMVLLLITVIVGYTLSYMLIISSTSKNMLHGHLIETIWTTIPAITLIFIALPSLRLLYLLDDSVNVMITIKTIGRQWYWSYEYSDFMNIEFDTYMTPENDLEINGFRLIDVDNRTILPMNTEIRILTSASDVLHSWAVPALGIKIDATPGRLNQGTFLMNRPGLFFGQCSEICGANHSFMPIVIESTSTNMFIKWLSKMI*
				 	
	 		 		
