start_pos	end_pos	genetic_direction	bp_length	DNA_seq_northern	amino_acid_seq_northern
191	1240	coding_strand	1050	ATAGAGGTATCAACCCTCTCCTTTTTAATGGTCAACAACTCTACAAAACTTCTCTTCCTATCAATATTATTGATAGGAACGATCCTGTCCATCTCATCAAACTCTTGATTCGGAGTTTGAATAGGACTAGAGATCAACTTACTCTCATTTATTCCCATATTAACAAGAAATAAAAATGTAATGATAAATGAATCATCAGTTAAATATTTTATTGTCCAGGCAATAGCATCGACAATATTATTATTCTCTATTTTATTAATCCAAATAAAATATAGAATAAGATGGGAAACAGAATTAATCCCTTCAATGATAGTTAGATCAAGACTATTATTAAAAATAGGAGCAGTTCCTTTTCATTTATGACTTCCTGAAGTTATAGGAACCTCATCATGAATTAATTGTTTAATATTAATAACATGACAAAAAATTGCTCCAATAATAGTAATATCCTACTGCATCCAAATAAGAATATTTATATTTACAATTTCTATCTTAAGAATTATTATTGGAGCATTAGGAGGATTAAATCAAACATCATTACGACAACTTTTAGCATATTCATCAATTAGTCATTTAGGATGAATAATTAGATCCTTAATAGTGAGAGAAAATGTATGAGAACTATATTTTGTTATTTATTCACTACTAAGACTAATTATAATTTTACTGTTTAAACAAATAAATTTATTTTCCTTAAATCAAATTTATTCATCGACAAACATAAAATCAGAAACTAAATTTTTTATATTTATGTCCCTCCTTTCATTAGGAGGATTACCACCTTTTCTTGGATTCTTACCAAAATGAACTGTTATTAATTCCCTTGTTGAAAATAACATATTAATCATGGTAACAATTATAGTTATATTTTCTACAATTACACTATATTTTTACTTACGAATTAGATTCTCAGCTTTTATTCTATCTTACTCAGAAAATTCGTGATCAATATTTCTTTTTTCAAATAAATCAAGATTTATTTTATCAATAACAATAGTAATTTCAACTCTAGGTCTAATATTAACATCAATATTAATTTCCTTATTTTAA	MEVSTLSFLMVNNSTKLLFLSMLLMGTILSISSNSWFGVWMGLEINLLSFIPMLTSNKNVMMNESSVKYFIVQAMASTMLLFSILLIQMKYSMSWETELIPSMMVSSSLLLKMGAVPFHLWLPEVMGTSSWINCLMLMTWQKIAPMMVMSYCIQMSMFMFTISILSIIIGALGGLNQTSLRQLLAYSSISHLGWMISSLMVSENVWELYFVIYSLLSLIMILLFKQMNLFSLNQIYSSTNMKSETKFFMFMSLLSLGGLPPFLGFLPKWTVINSLVENNMLIMVTIMVMFSTITLYFYLRISFSAFILSYSENSWSMFLFSNKSSFILSMTMVISTLGLMLTSMLISLF*
3867	4028	coding_strand	162	ATCCCTCAAATATCACCTTTAATATGATTTTCACTATTTATTCTATTTTCTACTGTTTTTATCTTATTTAATCAAATAAACTTTTTCTTATTTAAAACCAAAATATTAAGCAATATAGAAAAAGGAAAAATTGAAAGTAAAAACTTAAGCTGAAAATGATAA	IPQMSPLMWFSLFILFSTVFILFNQMNFFLFKTKMLSNMEKGKIESKNLSWKW*
4022	4699	coding_strand	678	ATGATAACAAATTTATTTTCAACATTTGACCCATCAACCAACTTATTTAATTTATCATTAAATTGAACTAGAACATTTATAGGTTTATTATTAATTCCATCAATATTTTGATTAACATCATCACGAATTAATATTATTTGAAATAAGTTAAATATAACTCTTCATAATGAATTCAAAACACTATTAGGACCAAAATCATTTAATGGAATAACACTTATTTTTATTTCAATATTCATTATAATAATATTTAATAATTTTATAGGACTATTCCCTTATATTTTTACAAGAACTAGACACATAACTTTAACATTTTCAATTGCAATACCAATATGACTTAGATTTATATTATTTGGTTGAATTAATCATACTAATCATATATTTACACACTTAGTTCCTCAAGGAACCCCTGCAGTACTTATATCATTCATAGTATTAATTGAAACAATCAGAAATGTAATCCGACCTGGAACTCTAGCAGTACGATTAGCAGCAAATATAATTGCAGGACATTTACTATTAACTTTGTTAGGAAATACAGGACCATCAATAACAATAAATATAATTTCATTTTTAATTATTGGACAAATATTGCTTATAATTCTAGAATCAGCAGTAGCTATAATTCAAGCCTATGTATTCTCAATTTTAAGAACTCTTTATTCTAGAGAAGTATATTAA	MMTNLFSTFDPSTNLFNLSLNWTSTFMGLLLIPSMFWLTSSRINIIWNKLNMTLHNEFKTLLGPKSFNGMTLIFISMFIMMMFNNFMGLFPYIFTSTSHMTLTFSIAMPMWLSFMLFGWINHTNHMFTHLVPQGTPAVLMSFMVLIETISNVIRPGTLAVRLAANMIAGHLLLTLLGNTGPSMTMNMISFLIIGQMLLMILESAVAMIQAYVFSILSTLYSSEVY*
4680	5495	coding_strand	816	ATTCTAGAGAAGTATATTAAACATATGATAACAATACATTCAAACCACCCATTTCATATAGTAGATTATAGACCATGACCATTAACGGGAGCAATTGGAGCAATAGTTATAGTTTCAGGATTAGCTAAATGATTTCATTTATTTAACATAAACTTATTTTTAATTGGAATAATAATTACTTTATTTACAATAATTCAATGATGACGAGATGTAATCCGTGAAGGAACATATCAAGGACTACATACAGAATTTGTATTGATTAGACTACGATGAGGTATAATTTTATTTATTGTATCAGAAGTATTATTCTTTATTTCATTCTTTTGAGCTTTTTTTAGAAGAAGATTAACACCAACCATTGAATTAGGAATATTATGACCACCAATAGGAATTCAACCATTTAACCCTATACAAATTCCATTACTTAATACAGCTATTCTTTTAGCATCCGGGGTTTCTGTAACTTGAGCACACCATAGAATTATAGAATCAAATCATACCCAAGCACAACAAGGTCTATTTTTTACAGTATTATTAGGAATTTACTTTACTATACTTCAGATATATGAATACTGAGAAGCCCCTTTTACTATTGCTGATGCAATTTATGGATCAACATTCTTTATTGCAACAGGATTTCACGGATTACATGTAATTATTGGAACAATATTTCTCTTTACATGTTTAATACGACATTCAATTAATCAATTTTCTCCTAATCATCACTTCGGTTTTGAAGCAGCAGCATGATATTGACATTTCGTAGATGTAGTATGATTATTTTTATATATTTCAATCTATTGATGAGGTAGATAA	ILEKYIKHMMTMHSNHPFHMVDYSPWPLTGAIGAMVMVSGLAKWFHLFNMNLFLIGMMITLFTMIQWWRDVIREGTYQGLHTEFVLISLRWGMILFIVSEVLFFISFFWAFFSSSLTPTIELGMLWPPMGIQPFNPMQIPLLNTAILLASGVSVTWAHHSIMESNHTQAQQGLFFTVLLGIYFTMLQMYEYWEAPFTIADAIYGSTFFIATGFHGLHVIIGTMFLFTCLMRHSINQFSPNHHFGFEAAAWYWHFVDVVWLFLYISIYWWGS*
5565	5918	coding_strand	354	ATTTTTATTCTATCAACAGGGGTTATTATTAGATTCACTATACCAATAATAATTATAATTATTGCAACAATTCTATCAAAAAAATTAATTAATGACCGAGAAAAAAGATCACCATTTGAATGTGGATTTGATCCAAAAAGATCAGCTCGTATACCTTTCTCATTACAATTTTTCTTAATTGCAATAATCTTTCTAATTTTTGATGTAGAAATTGCATTAATTTTACCAATTATAATTATTATAAAAACATCAAATATTATAATCTGAACAATAGTAACAATATTTTTTACTATTATTTTATTAAGAGGTCTTTATCATGAATGAAATCAAGGAGCTCTTCAATGAGCAAATTAA	IFILSTGVIISFTMPMMIMIIATILSKKLINDREKSSPFECGFDPKSSARMPFSLQFFLIAMIFLIFDVEIALILPIMIIMKTSNIMIWTMVTMFFTIILLSGLYHEWNQGALQWAN*
8053	6320	complement	1734	TTGAAGTTATTTTCTATTTGTTCTTTAAGTTTTTTCTCTTTATTTTTATTAAGAACTTTAATTTTTACTTTAGGAATTTATTATTTAATAATTGATTATAGAGTTTTTATTGAGTGAGAGCTTTTTAATTTAAATGGTTCTATAGTTGTTATAACTCTAATTTTGGATTGAATGTCTTTAATTTTTTTATCTTTTGTTATGTATATTTCTTCTTTAGTTATTTATTATAGATATGATTATATAATAGGTGAAAAGAATATAAATCGTTTTATTATTATTGTTTTAATATTTATTCTTTCAATAGGTTTTTTAATTATTAGTCCAAATTTAATTAGAATTTTATTAGGATGAGATGGTCTTGGATTAGTTTCTTATTGTTTAGTTATTTATTATCAGAATAATAAGTCTTATGGTGCTGGTATATTAACTGCTTTATCAAATCGAATTGGTGATGTTGCAATTTTAATTTCTATTGCTTGAATATTTAATTTTGGTGGTTGAAATTATATTTATTATTATGATTTTATTTCTTTTTCTCTTGAAATAAAGTTTATTACAATATTAATCATTTTGGCTGCTATAACAAAGAGTGCTCAAATTCCATTTTCTTCTTGACTTCCTGCAGCTATAGCTGCTCCTACACCTGTTTCTGCTTTAGTTCATTCTTCTACTTTAGTTACTGCAGGTGTTTATTTATTAATTCGTTTTAGACCTATACTTAATATTTATAATTATGGTTGGTTTTTATTATTAATTGGTTGTATAACAATATTTATGGCTGGTTTAGGAGCAAATTTTGAATTTGATTTAAAGAAAATTATTGCCTTATCTACTTTGAGACAACTTGGTTTAATAATAAGAATTTTAGCTATGGGTTATCCAAAGCTTGCTTTTTTTCATTTATTATGTCATGCTTTATTTAAGGCATTATTATTTATATGTGCGGGGTCAATAATTCATAATTTAAAGGATTCTCAGGATATTCGTTTTATAGGCTCACTTGTAAATTTTATACCTTTAACTTCAATTTGTTTTAATGTTTCTAGCTTATCTTTATGTGGAATACCCTTTTTGGCTGGATTTTATTCAAAGGATTTAATTTTGGAGATAATTTGCTTAAGATGAATTAATTTCTTAATTTTTTTTATATATTTCTTTTCTACTGGTTTAACTGCTTCTTATTCTTTTCGTTTATTTTATTATTCAATATCTGGTGATAATAATTTTTATTCAAGTTTTTCTTTTGATGATAAAGGGTTTTATATTTCTTTTGGAATAATTTTATTATTATTTGTTGCAGTTTTTGGTGGTAGTTTACTTTCTTGATTAATTTTTCCTATTCCACATATAATTGTTTTACCATATTATTTAAAATATTTAATTATTACCGTAGTTGTTTTTGGATCTTATTTTGGTTATTTAGTTTCTAAATCAAATTTTTCTCAGGATTTATTTTCTATTAATATATTAGTTTATATAAGATTTATAGGGTCTATATGATTTATACCTTTTATTTCAACTAAATTTATTAATTATTTACCTTTAAAGTTTGGTTATTATTCATCAAAGTCTTTTGATTATGGTTGGGGTGAAATTTTAGGTGGTCAAGGCTTATATAGTTTATTAATATACATATTAAATTATATTCAATATTGATATGATTTTAATTTTAAAATTTATCTTTTAGCTTTTATTTTTTGAATATTGATTTTATTTATGTTATTTTTTATTTAA	LKLFSICSLSFFSLFLLSTLIFTLGIYYLMIDYSVFIEWELFNLNGSMVVMTLILDWMSLIFLSFVMYISSLVIYYSYDYMMGEKNMNRFIIIVLMFILSMGFLIISPNLISILLGWDGLGLVSYCLVIYYQNNKSYGAGMLTALSNRIGDVAILISIAWMFNFGGWNYIYYYDFISFSLEMKFITMLIILAAMTKSAQIPFSSWLPAAMAAPTPVSALVHSSTLVTAGVYLLIRFSPMLNIYNYGWFLLLIGCMTMFMAGLGANFEFDLKKIIALSTLSQLGLMMSILAMGYPKLAFFHLLCHALFKALLFMCAGSMIHNLKDSQDIRFMGSLVNFMPLTSICFNVSSLSLCGMPFLAGFYSKDLILEMICLSWINFLIFFMYFFSTGLTASYSFRLFYYSMSGDNNFYSSFSFDDKGFYISFGMILLLFVAVFGGSLLSWLIFPIPHMIVLPYYLKYLIITVVVFGSYFGYLVSKSNFSQDLFSINMLVYMSFMGSMWFMPFISTKFINYLPLKFGYYSSKSFDYGWGEILGGQGLYSLLMYMLNYIQYWYDFNFKIYLLAFIFWMLILFMLFFI*
9463	8123	complement	1341	ATCTTTATGTTAAGGTATTTATTTATAATTGTTTTTTTGATTCCCCTTTGTTTAATAAATAATTCTTGATGGTTGGTTCATTCTTTAATATTTTTATTTAGTTTTGTTTTTATAATTTGTATTTATTCATATTGTGATTTAAATATAATTAGATATTATTTTGGTGTTGATTATTTTTCTTTTTGTTTAATTTTACTTAGATTTTGAATTTGTTCTTTAATAATTATGGCTAGAGGTTCAATTTATTTATTTTCTTATTATCCAAATTTGTTTATTTTTATGATTTTATTTCTTTTAATTATATTATATTGTTCTTTTTCAAGTTTAAGATTATTATCTTTTTATATTTTTTTTGAAGCAAGATTAATCCCGACTTTATTTTTAATTTTAGGTTGAGGTTATCAACCTGAGCGTCTTCAGGCTGGAATTTATTTAATTTTTTATACTTTGATTGCTAGATTACCATTATTACTTTGTTTATTTAGGGTTTATGATTATATTAATACTTTATATTTTCCCTTGTTATTTGATTTTGGTTCTTATTATTTCTTATTTTATGTTTTTATAGTTTTAGCTTTTTTAGTTAAAATGCCAATATTTTTATTTCATTTATGATTACCTAAGGCTCATGTTGAGGCACCTATTTCTGGAAGAATAATTTTAGCTGGTGTTTTATTAAAGCTAGGAGGTTATGGTATTTTTCGTGTAATAAAAATTATTTCTTTTTTGGGTTTAAAGTTTAATTATTTTTGATTATCTTTGAGTTTATCAGGAGGAGTTATTGTAAGATTTATTTGTTTCCGTCAAGTTGATTTAAAATCTTTAATTGCTTATTCTTCTGTTGCTCATATAAGAATAGTTATTGGTGGTTTAATAACTATAAATTGATGGGGTTGTATAGGTTCTTTATTTTTAATAATTGGTCATGGTTTATGTTCTTCTGGTTTATTTTGTTTGTCAAATATTATATATGAGCGTTTAGGTAGACGAAGTTTATTGGTAAATAAGGGTATAATTAATCTTATACCAAGAATATCTCTTTGATGATTTCTTTTAAGTTGTTCTAATATGGCTTCTCCGCCTTCATTAAATTTAATTGGTGAATTTAGTTTATTAAATAGAATTATATCATGATCTTCTTTTATATTTTTGGTGTTGATTTTTTTATCTTTTTTTAGAGCTGTTTATACTTTATATATATATTCTTACTCTCAACATGGTTCATATTTTGCTGGTTTGTATACTTGTACTCTTGGTTATTTACGTGAATATCATCTTCTATTCTTACATTGGTTTCCTTTAAATATTATATGTTTAAAGGGTGAGCTTTTTTTTGTTTAA	IFMLSYLFMIVFLIPLCLMNNSWWLVHSLMFLFSFVFMICIYSYCDLNMISYYFGVDYFSFCLILLSFWICSLMIMASGSIYLFSYYPNLFIFMILFLLIMLYCSFSSLSLLSFYIFFEASLIPTLFLILGWGYQPERLQAGIYLIFYTLIASLPLLLCLFSVYDYINTLYFPLLFDFGSYYFLFYVFMVLAFLVKMPMFLFHLWLPKAHVEAPISGSMILAGVLLKLGGYGIFRVMKIISFLGLKFNYFWLSLSLSGGVIVSFICFRQVDLKSLIAYSSVAHMSMVIGGLMTMNWWGCMGSLFLMIGHGLCSSGLFCLSNIMYERLGSRSLLVNKGMINLMPSMSLWWFLLSCSNMASPPSLNLIGEFSLLNSIMSWSSFMFLVLIFLSFFSAVYTLYMYSYSQHGSYFAGLYTCTLGYLREYHLLFLHWFPLNIMCLKGELFFV*
9795	9451	complement	345	ATCTTATTTTTGGTTTACAAGACCAGTGTTTTTTTTAAACTATTAAAACTAATGTTTATATTTTCTATTTTTACTTCTTTGTTAATATATTTTGCTGGTGTATATATTTTTTCTTTAAAACGTAAGCATTTATTAATAGTTTTGTTAAGATTGGAATATATTGTTCTTTCTTTATTTATATTAATTATTATTTTTCTTATTAAATTTGATTATGATTATTTCTTTCCTGTAATTTTTTTAATTTTTTCTGTTTGTGAGGGTGCCTTAGGTTTATCAATTTTAGTTTCTATAATTCGTTCTTATGGTAATGATTTTTTTAATTCTTTTAGTTTATCTTTATGTTAA	ILFLVYKTSVFFKLLKLMFMFSIFTSLLMYFAGVYIFSLKRKHLLMVLLSLEYIVLSLFMLIIIFLIKFDYDYFFPVIFLIFSVCEGALGLSILVSMIRSYGNDFFNSFSLSLC*
9829	10404	coding_strand	576	ATATTTCTATCTTTAGTCTCCAAAACCAATATTTTAAATAAACTAACTCCTGAAATGATAAAAATAATAATTATAGTATTATCAAACGTAATGAGTATAAATTTTATTAAATTAAATCATCCAATATCAATAATAATATTTATTATTTTTCAAACTTTCCTTATTGGATTAATAAGTGGAACAATTATAGAAAGATTTTGATTATCATACATTTTATTTTTAATATTTCTTGGAGGTATATTAGTATTATTTATTTATATTACAAGAATTGCATCAAATGAAATATTTAAACCAAAGTTAATAATTTTAATATTTTCGCTTATTTTATGAATCATTATTGTAGTAATTTTAATTATTTTAGATAAAATAATATTTATAGACCTTTTTAAAAATACAGAAACTATTAATATTAGTAATTCAATTAATTATCAAGAAATAACATTTTCATTAGAAAAATTATATAATAATCCAACATTTATTATTACAATAATAATAATAATTTATTTATTTGTAGCATTATTAGCGGTAGTAAAAATCACTAATATTAATCAAGGACCTATTCGTAAAATAAAATAA	MFLSLVSKTNILNKLTPEMMKMMIMVLSNVMSMNFIKLNHPMSMMMFIIFQTFLIGLMSGTIMESFWLSYILFLMFLGGMLVLFIYITSIASNEMFKPKLMILMFSLILWIIIVVILIILDKMMFMDLFKNTETINISNSINYQEMTFSLEKLYNNPTFIITMMMMIYLFVALLAVVKITNINQGPIRKMK*
10411	11550	coding_strand	1140	ATGAATAAACCAACTCGATTAAGACATCCTTTATTTAAAATTATTAATAATTCTTTGATTGATCTACCTGCACCAACTAATATTTCATTTTGATGGAATATTGGTTCCTTATTAGGATTATGTTTAATAATTCAAATTATAACAGGATTATTTTTAGCTATACATTATACTTCAAATATTGAAATAGCATTTAGAAGAGTAATTCATATTTGTCGAGATGTAAACAATGGTTGAATTATCCGAACCCTTCATGCTAATGGAGCATCAATATTTTTTATTTGTATTTATCTTCATGTTGGTCGAGGAATTTATTACGGATCATATATGTATATTCATACATGAATAATTGGGACAATTATTTTATTTTTAGTTATAGCAACCGCATTTATAGGTTATGTTTTACCATGAGGACAAATATCATTTTGAGGTGCAACAGTAATTACTAATTTATTATCAGCAATTCCATATCTAGGTACAGATTTAGTACAATGAGTATGGGGAGGGTTTGCTGTAGATAATGCAACATTAAATCGATTCTTTTCCTTTCATTTTGTTTTACCATTTATAATTATTACTATAGCAGTAATTCACTTATTTTTTCTTCATCAAAGAGGATCAAATAATCCATTAGGAATTAATAGAAATATTGAAAAAATCCCTTTTCATCCCTATTTCACATTTAAGGATTCAATTACATTTATCTTTATAACATCTTTATTAGTTATATTATGCCTAATTAATCCTTTCTTATTAGGAGATCCTGATAATTTTGTGCCAGCAAACCCTTTAGTTACCCCTATTCATATTCAACCTGAATGATACTTTCTATTTGCATATGCAATTTTACGATCAATCCCAAATAAATTAGGTGGAGTTATTGCTCTATTTTTATCAATTAGAATCTTAATAATTCTTCCATTCTATAATAAAACACCATTTCGAGGAATTCAATTTTATCCAATTAATCAAATAATATTTTGAATTATAGTAATTATTGTAATTCTATTAACATGAATTGGAAAACGGCCTGTAGAAGAGCCTTATATTATAACTGGACAGATTTTAACAATTATTTACTTTTCTTACTTCATTATAAATGTTCATATTGCAAATATATGAGATAAATTAATTAAAGATTAA	MNKPTRLSHPLFKIINNSLIDLPAPTNISFWWNIGSLLGLCLMIQIMTGLFLAMHYTSNIEMAFSSVIHICRDVNNGWIIRTLHANGASMFFICIYLHVGRGIYYGSYMYIHTWMIGTIILFLVMATAFMGYVLPWGQMSFWGATVITNLLSAIPYLGTDLVQWVWGGFAVDNATLNRFFSFHFVLPFMIITMAVIHLFFLHQSGSNNPLGINSNIEKIPFHPYFTFKDSITFIFMTSLLVMLCLINPFLLGDPDNFVPANPLVTPIHIQPEWYFLFAYAILRSIPNKLGGVIALFLSISILMILPFYNKTPFRGIQFYPINQMMFWIMVIIVILLTWIGKRPVEEPYIMTGQILTIIYFSYFIMNVHIANMWDKLIKD*
12605	11643	complement	963	ATTCTACAAATAGTATTGATATTTTATGATTTATTTATGTTTATTTTAAATTTTCTTTTTTTATTAATTTGTGTTTTAATTAGTGTTGCTTTTTTAACTTTGCTAGAGCGAAAGGTATTAGGTTATATTCAAATTCGGAAAGGTCCTAATAAAGTTGGTTTTTCTGGTTTTATTCAACCTTTTAGTGACGCTATTAAATTAATTTGTAAGGAACAGCCTATTCCTATTTTATCAAATTATTTATTATACTATTTTGCCCCCGTATTTAATTTAATAATTTCTTTAATTATTTGAATGATTTTTCCTTATTTAACTTATATATGTTCATTTTCTTATGGGTTTTTATTCTTTTTATGTTGTACTAGATTAAGTGTTTATACTGTAATAATTGCTGGTTGATCATCTAATTCAAATTATTCTTTATTAGGATCCATACGTTCTGTTGCTCAAACTATTTCTTATGAAGTAAGATTAGCTTTAATTTTATTATCTTTAGTTATTTTAATTGGTAGATTTAATATATTTGATTTTATTAATTATCAGATTTATTGTTGATTTATTATTATTTCTTTTCCTTTATTTTTATCATTTTTTGCTTCCTGTTTAGCAGAGACTAATCGTACACCTTTTGATTTTGCTGAGGGTGAATCTGAATTAGTTTCAGGGTTTAATATTGAATATGGTGCTAGTGGATTTACTTTAATTTTTTTAGCTGAATATACAAGAATTATTTTTATAAGAATATTTTTGATTTTAATTTTTTTAGGAGGTGATTTTAATTCTTTTACATTTTTTGTAAAGCTTTCTATTATATCTTTTATTTTTATTTGAGTTCGTGGAACTTTACCTCGTTTTCGGTATGATAAGTTAATATATATAGCATGAAGGGGATTTTTACCTTTATCTTTAAATTTTTTTATTTTTTATATTGGATTTAAAATTTTATTAATTTCAATTATTTAG	ILQMVLMFYDLFMFILNFLFLLICVLISVAFLTLLERKVLGYIQIRKGPNKVGFSGFIQPFSDAIKLICKEQPIPILSNYLLYYFAPVFNLMISLIIWMIFPYLTYMCSFSYGFLFFLCCTSLSVYTVMIAGWSSNSNYSLLGSMRSVAQTISYEVSLALILLSLVILIGSFNMFDFINYQIYCWFIIISFPLFLSFFASCLAETNRTPFDFAEGESELVSGFNIEYGASGFTLIFLAEYTSIIFMSMFLILIFLGGDFNSFTFFVKLSIMSFIFIWVRGTLPRFRYDKLMYMAWSGFLPLSLNFFIFYIGFKILLISII*
1398	2972	coding_strand	1575	ATTTACAGTCTATCACCTACTAATTCAGCCATCTTACCGAATAAATGATTATTTTCAACAAACCATAGGGATATTGGAACGTTGTATTTTATTTTTGGTGCATGGGCTGGAATAGTAGGAACATCAATAAGAATAATTATTCGAACAGAATTAGGACAACCAGGATCATTAATTAGAGATGATCAAATCTATAATGTAATTATTACAGCCCACGCATTTGTAATAATTTTCTTTATAGTTATACCTATCATAATTGGAGGATTTGGTAATTGACTAGTCCCATTAATAATTGGAGCCCCAGATATAGCATTCCCACGAATAAATAATATAAGTTTTTGACTTTTACCACCTTCATTGACCCTGCTAATTTCGTCCTCTATAGTTGATAACGGAGCTGGGACTGGATGAACAGTTTACCCTCCACTTGCTGGACCAATTGCTCACGGGGGAACATCAGTTGATTTAGCAATTTTCTCATTACATCTTGCTGGTGTATCATCAATTCTAGGGGCAGTCAATTTTATTACAACAACAATTAATATACGTTCAGGAAGTATATCTCTTGATCAAACACCACTATTTGTTTGATCAGTTGCTATTACAGCCCTACTTTTATTATTATCACTTCCAGTTTTAGCAGGAGCTATTACCATATTATTAACCGATCGAAATTTAAATACATCATTTTTTGACCCTGCAGGAGGGGGTGATCCAATTCTTTATCAACACTTATTTTGATTTTTTGGGCATCCAGAAGTTTATATTTTAATTCTTCCTGGATTTGGAATTATTTCTCATATTGTTTGCCAAGAAAGAGGAAAAATTGAATCATTTGGAACATTAGGGATAATCTACGCAATATTATCAATTGGAATTATAGGATTTATTGTATGAGCACATCATATATTTACAGTGGGGATAGATGTTGATACACGAGCATATTTTACATCAGCAACAATAATTATTGCAGTACCAACTGGAATTAAGGTATTTAGCTGATTAGCTACACTTTATGGAACAAAATTTAAATTTAACCCACCATTATTATGAGCACTTGGATTTATTTTTCTATTTACAATTGGTGGATTAACAGGATTAGTATTAGCAAATTCTTCCCTTGATATCATTTTACATGATACTTACTATGTTGTAGCTCACTTTCACTACGTTTTATCTATAGGAGCAGTATTTGCAATCATAGGAGGTATTATTCAATGATATCCTTTATTCACCGGATTAACAATGAATAACATATGATTAAAACTTCAATTTACAATTATATTTATTGGAGTAAATTTAACTTTCTTCCCTCAACATTTCCTAGGATTGGCAGGAATACCTCGACGATATTCAGATTATCCTGATGCATATACATCATGAAATGTAATTTCAAGTATTGGATCAACCATTTCAATTGTAGGAACTATCATATTTATTTTAATCATATGAGAAAGTATAATTTCAAATCGATCAATTATATTTAGCTCCAATATAAGAAGATCTACAGAATGATTACAAAATAATCCCCCAACAGAACATAGATACTCAGAATTACCATTAATTTCTAGATTCTAA	IYSLSPTNSAILPNKWLFSTNHSDIGTLYFIFGAWAGMVGTSMSMIIRTELGQPGSLISDDQIYNVIITAHAFVMIFFMVMPIMIGGFGNWLVPLMIGAPDMAFPRMNNMSFWLLPPSLTLLISSSMVDNGAGTGWTVYPPLAGPIAHGGTSVDLAIFSLHLAGVSSILGAVNFITTTINMRSGSMSLDQTPLFVWSVAITALLLLLSLPVLAGAITMLLTDRNLNTSFFDPAGGGDPILYQHLFWFFGHPEVYILILPGFGIISHIVCQESGKIESFGTLGMIYAMLSIGIMGFIVWAHHMFTVGMDVDTRAYFTSATMIIAVPTGIKVFSWLATLYGTKFKFNPPLLWALGFIFLFTIGGLTGLVLANSSLDIILHDTYYVVAHFHYVLSMGAVFAIMGGIIQWYPLFTGLTMNNMWLKLQFTIMFIGVNLTFFPQHFLGLAGMPRRYSDYPDAYTSWNVISSIGSTISIVGTIMFILIMWESMISNRSIMFSSNMSSSTEWLQNNPPTEHSYSELPLISSF*
3035	3718	coding_strand	684	ATGGCAACATGATCAAATATATCATTACAAGATAGAGCTTCACCTTTAATAGAACAACTATCATTCTTTCATGATCATACAATAATAGTATTATTATTAATTACTGTAATTGTAGGATATACATTAAGATATATATTAATTATTTCTTCAACAAGAAAAAATATACTTCATGGGCATTTAATTGAAACTATTTGAACTACAATTCCAGCTATTACATTAATCTTCATCGCATTACCATCCCTACGTCTACTTTATCTTCTTGATGATTCAGTAAACGTAATAATTACAATTAAAACAATTGGACGTCAATGGTACTGAAGTTATGAATATTCAGACTTTATAAATATTGAATTTGATACATATATAACACCAGAAAATGATTTAGAAATTAATGGATTTCGATTAATTGACGTAGACAACCGAACAATCTTACCAATAAATACTGAAATTCGAATTTTAACAAGTGCATCAGACGTACTTCACTCATGAGCAGTACCAGCCCTAGGAATTAAAATTGATGCAACACCAGGACGACTAAATCAAGGAACATTTTTAATAAACCGACCTGGATTATTCTTTGGACAATGTTCAGAAATTTGTGGAGCAAATCATAGATTTATACCTATTGTAATTGAAAGAACTTCAACAAATATATTCATTAAATGACTGTCTAAAATAATTTAA	MATWSNMSLQDSASPLMEQLSFFHDHTMMVLLLITVIVGYTLSYMLIISSTSKNMLHGHLIETIWTTIPAITLIFIALPSLRLLYLLDDSVNVMITIKTIGRQWYWSYEYSDFMNIEFDTYMTPENDLEINGFRLIDVDNRTILPMNTEIRILTSASDVLHSWAVPALGIKIDATPGRLNQGTFLMNRPGLFFGQCSEICGANHSFMPIVIESTSTNMFIKWLSKMI*
