gene	start_pos	end_pos	genetic_direction	bp_length	DNA_seq_northern	amino_acid_seq_northern	DNA_seq_southern	amino_acid_seq_southern
ND2	191	1240	coding_strand	1050	ATAGAGGTATCAACCCTCTCCTTTTTAATGGTCAACAACTCTACAAAACTTCTCTTCCTATCAATATTATTGATAGGAACGATCCTGTCCATCTCATCAAACTCTTGATTCGGAGTTTGAATAGGACTAGAGATCAACTTACTCTCATTTATTCCCATATTAACAAGAAATAAAAATGTAATGATAAATGAATCATCAGTTAAATATTTTATTGTCCAGGCAATAGCATCGACAATATTATTATTCTCTATTTTATTAATCCAAATAAAATATAGAATAAGATGGGAAACAGAATTAATCCCTTCAATGATAGTTAGATCAAGACTATTATTAAAAATAGGAGCAGTTCCTTTTCATTTATGACTTCCTGAAGTTATAGGAACCTCATCATGAATTAATTGTTTAATATTAATAACATGACAAAAAATTGCTCCAATAATAGTAATATCCTACTGCATCCAAATAAGAATATTTATATTTACAATTTCTATCTTAAGAATTATTATTGGAGCATTAGGAGGATTAAATCAAACATCATTACGACAACTTTTAGCATATTCATCAATTAGTCATTTAGGATGAATAATTAGATCCTTAATAGTGAGAGAAAATGTATGAGAACTATATTTTGTTATTTATTCACTACTAAGACTAATTATAATTTTACTGTTTAAACAAATAAATTTATTTTCCTTAAATCAAATTTATTCATCGACAAACATAAAATCAGAAACTAAATTTTTTATATTTATGTCCCTCCTTTCATTAGGAGGATTACCACCTTTTCTTGGATTCTTACCAAAATGAACTGTTATTAATTCCCTTGTTGAAAATAACATATTAATCATGGTAACAATTATAGTTATATTTTCTACAATTACACTATATTTTTACTTACGAATTAGATTCTCAGCTTTTATTCTATCTTACTCAGAAAATTCGTGATCAATATTTCTTTTTTCAAATAAATCAAGATTTATTTTATCAATAACAATAGTAATTTCAACTCTAGGTCTAATATTAACATCAATATTAATTTCCTTATTTTAA	MEVSTLSFLMVNNSTKLLFLSMLLMGTILSISSNSWFGVWMGLEINLLSFIPMLTSNKNVMMNESSVKYFIVQAMASTMLLFSILLIQMKYSMSWETELIPSMMVSSSLLLKMGAVPFHLWLPEVMGTSSWINCLMLMTWQKIAPMMVMSYCIQMSMFMFTISILSIIIGALGGLNQTSLRQLLAYSSISHLGWMISSLMVSENVWELYFVIYSLLSLIMILLFKQMNLFSLNQIYSSTNMKSETKFFMFMSLLSLGGLPPFLGFLPKWTVINSLVENNMLIMVTIMVMFSTITLYFYLRISFSAFILSYSENSWSMFLFSNKSSFILSMTMVISTLGLMLTSMLISLF*	ATAGAGGTATCAACCCTCTCCTTTTTAATGGTCAACAACTCTACAAAACTTCTCTTCCTATCAATATTATTGATAGGAACGATCCTGTCCATCTCATCAAACTCTTGATTCGGAGTTTGAATAGGACTAGAGATCAACTTACTCTCATTTATTCCCATATTAACAAGAAATAAAAATGTAATGATAAATGAATCATCAGTTAAATATTTTATTGTCCAGGCAATAGCATCGACAATATTATTATTCTCTATTTTATTAATCCAAATAAAATATAGAATAAGATGGGAAACAGAATTAATCCCTTCAATGATAGTTAGATCAAGACTATTATTAAAAATAGGAGCTGTTCCTTTTCATTTATGACTTCCTGAAGTTATAGGAACCTCATCATGAATTAATTGTTTAACATTAATAACATGACAAAAAATTGCTCCAATAATAGTAATATCCTACTGCATCCAAATAAGAATATTTATATTTACAATTTCTATCTTAAGAATTATTATTGGAGCATTAGGAGGATTAAATCAAACATCATTACGACAACTTTTAGCATATTCATCAATTAGTCATTTAGGATGAATAATTAGATCCTTAATAGTGAGAGAAAATGTATGAGAACTATATTTTGTTATTTATTCACTACTAAGACTAATTATAATTTTACTGTTTAAACAAATAAATTTATTTTCCTTAAATCAAATTTATTCATCGACAAACATAAAATCAGAAACTAAATTTTTTATATTTACGTCCCTCCTTTCATTAGGAGGATTACCACCTTTTCTTGGATTCTTACCAAAATGAATTGTTATTAATTCCCTTGTAGAAAATAACATATTAATCATGGTAACAATTATAGTTATATTTTCTACAATTACACTATATTTTTACTTACGAATTAGATTCTCAGCTTTTATTCTATCTTACTCAGAAAATTCGTGATCAATATTTCTTTTTTCAAATAAATCAAGATTTATTTTATCAATAACAGTAGTAATTTCAACTCTAGGTCTAATATTAACATCAATATTAATTTCCTTATTTTAA	MEVSTLSFLMVNNSTKLLFLSMLLMGTILSISSNSWFGVWMGLEINLLSFIPMLTSNKNVMMNESSVKYFIVQAMASTMLLFSILLIQMKYSMSWETELIPSMMVSSSLLLKMGAVPFHLWLPEVMGTSSWINCLTLMTWQKIAPMMVMSYCIQMSMFMFTISILSIIIGALGGLNQTSLRQLLAYSSISHLGWMISSLMVSENVWELYFVIYSLLSLIMILLFKQMNLFSLNQIYSSTNMKSETKFFMFTSLLSLGGLPPFLGFLPKWIVINSLVENNMLIMVTIMVMFSTITLYFYLRISFSAFILSYSENSWSMFLFSNKSSFILSMTVVISTLGLMLTSMLISLF*
ATP8	3867	4028	coding_strand	162	ATCCCTCAAATATCACCTTTAATATGATTTTCACTATTTATTCTATTTTCTACTGTTTTTATCTTATTTAATCAAATAAACTTTTTCTTATTTAAAACCAAAATATTAAGCAATATAGAAAAAGGAAAAATTGAAAGTAAAAACTTAAGCTGAAAATGATAA	IPQMSPLMWFSLFILFSTVFILFNQMNFFLFKTKMLSNMEKGKIESKNLSWKW*	ATCCCTCAAATATCACCTTTAATATGATTTTCACTATTTATTCTATTTTCTACTGTTTTTATCTTATTTAATCAAATAAACTTTTTCTTATTTAAAACCAAAATATTAAACAATATAGAAAAAGGAAAAATTGAAAGTAAAAACTTAAACTGAAAATGATAA	IPQMSPLMWFSLFILFSTVFILFNQMNFFLFKTKMLNNMEKGKIESKNLNWKW*
ATP6	4022	4699	coding_strand	678	ATGATAACAAATTTATTTTCAACATTTGACCCATCAACCAACTTATTTAATTTATCATTAAATTGAACTAGAACATTTATAGGTTTATTATTAATTCCATCAATATTTTGATTAACATCATCACGAATTAATATTATTTGAAATAAGTTAAATATAACTCTTCATAATGAATTCAAAACACTATTAGGACCAAAATCATTTAATGGAATAACACTTATTTTTATTTCAATATTCATTATAATAATATTTAATAATTTTATAGGACTATTCCCTTATATTTTTACAAGAACTAGACACATAACTTTAACATTTTCAATTGCAATACCAATATGACTTAGATTTATATTATTTGGTTGAATTAATCATACTAATCATATATTTACACACTTAGTTCCTCAAGGAACCCCTGCAGTACTTATATCATTCATAGTATTAATTGAAACAATCAGAAATGTAATCCGACCTGGAACTCTAGCAGTACGATTAGCAGCAAATATAATTGCAGGACATTTACTATTAACTTTGTTAGGAAATACAGGACCATCAATAACAATAAATATAATTTCATTTTTAATTATTGGACAAATATTGCTTATAATTCTAGAATCAGCAGTAGCTATAATTCAAGCCTATGTATTCTCAATTTTAAGAACTCTTTATTCTAGAGAAGTATATTAA	MMTNLFSTFDPSTNLFNLSLNWTSTFMGLLLIPSMFWLTSSRINIIWNKLNMTLHNEFKTLLGPKSFNGMTLIFISMFIMMMFNNFMGLFPYIFTSTSHMTLTFSIAMPMWLSFMLFGWINHTNHMFTHLVPQGTPAVLMSFMVLIETISNVIRPGTLAVRLAANMIAGHLLLTLLGNTGPSMTMNMISFLIIGQMLLMILESAVAMIQAYVFSILSTLYSSEVY*	ATGATAACAAATTTATTTTCAACATTTGACCCATCAACCAACTTATTTAATTTATCATTAAATTGAACTAGAACATTTATAGGTTTATTATTAATTCCATCAATATTTTGATTAACATCATCACGAATTAATATTATTTGAAATAAGTTAAATATAACTCTTCATAATGAATTCAAAACACTATTAGGACCAAAATCATTTAATGGAATAACACTTATTTTTATTTCAATATTCATTATAATAATATTTAATAATTTTATAGGACTATTCCCTTATATTTTTACAAGAACTAGACACATAACTTTAACATTTTCAATTGCACTACCAATATGACTTAGATTTATATTATTTGGTTGAATTAATCATACTAATCATATATTTACACACTTAGTTCCTCAAGGAACCCCTGCAGTACTTATATCATTCATAGTATTAATTGAAACAATCAGAAATGTAATTCGACCTGGAACTCTAGCAGTACGATTAGCAGCAAATATAATTGCAGGACATTTACTATTAACTTTGTTAGGAAATACAGGACCATCAATAACAATAAATATAATTTCATTTTTAATTATTGGACAAATATTACTTATAATTCTAGAATCAGCAGTAGCTATAATTCAAGCCTATGTATTCTCAATTTTAAGAACTCTTTATTCTAGAGAAGTATATTAA	MMTNLFSTFDPSTNLFNLSLNWTSTFMGLLLIPSMFWLTSSRINIIWNKLNMTLHNEFKTLLGPKSFNGMTLIFISMFIMMMFNNFMGLFPYIFTSTSHMTLTFSIALPMWLSFMLFGWINHTNHMFTHLVPQGTPAVLMSFMVLIETISNVIRPGTLAVRLAANMIAGHLLLTLLGNTGPSMTMNMISFLIIGQMLLMILESAVAMIQAYVFSILSTLYSSEVY*
COX3	4680	5495	coding_strand	816	ATTCTAGAGAAGTATATTAAACATATGATAACAATACATTCAAACCACCCATTTCATATAGTAGATTATAGACCATGACCATTAACGGGAGCAATTGGAGCAATAGTTATAGTTTCAGGATTAGCTAAATGATTTCATTTATTTAACATAAACTTATTTTTAATTGGAATAATAATTACTTTATTTACAATAATTCAATGATGACGAGATGTAATCCGTGAAGGAACATATCAAGGACTACATACAGAATTTGTATTGATTAGACTACGATGAGGTATAATTTTATTTATTGTATCAGAAGTATTATTCTTTATTTCATTCTTTTGAGCTTTTTTTAGAAGAAGATTAACACCAACCATTGAATTAGGAATATTATGACCACCAATAGGAATTCAACCATTTAACCCTATACAAATTCCATTACTTAATACAGCTATTCTTTTAGCATCCGGGGTTTCTGTAACTTGAGCACACCATAGAATTATAGAATCAAATCATACCCAAGCACAACAAGGTCTATTTTTTACAGTATTATTAGGAATTTACTTTACTATACTTCAGATATATGAATACTGAGAAGCCCCTTTTACTATTGCTGATGCAATTTATGGATCAACATTCTTTATTGCAACAGGATTTCACGGATTACATGTAATTATTGGAACAATATTTCTCTTTACATGTTTAATACGACATTCAATTAATCAATTTTCTCCTAATCATCACTTCGGTTTTGAAGCAGCAGCATGATATTGACATTTCGTAGATGTAGTATGATTATTTTTATATATTTCAATCTATTGATGAGGTAGATAA	ILEKYIKHMMTMHSNHPFHMVDYSPWPLTGAIGAMVMVSGLAKWFHLFNMNLFLIGMMITLFTMIQWWRDVIREGTYQGLHTEFVLISLRWGMILFIVSEVLFFISFFWAFFSSSLTPTIELGMLWPPMGIQPFNPMQIPLLNTAILLASGVSVTWAHHSIMESNHTQAQQGLFFTVLLGIYFTMLQMYEYWEAPFTIADAIYGSTFFIATGFHGLHVIIGTMFLFTCLMRHSINQFSPNHHFGFEAAAWYWHFVDVVWLFLYISIYWWGS*	ATTCTAGAGAAGTATATTAAACATATGTTAACAATACATTCAAACCACCCATTTCATATAGTAGATTATAGACCATGACCATTAACGGGGGCAATTGGAGCAATAGTTATAGTTTCAGGATTGGCTAAATGATTCCATTTATTTAACATAAACTTATTTTTAATTGGAATAATAATTACTTTATTTACAATAATTCAATGATGACGAGATGTAATCCGTGAAGGAACATATCAAGGACTACATACAGAATTTGTATTGATTAGACTACGATGAGGTATAATTTTATTTATTGTATCAGAAGTATTATTCTTTATTTCATTCTTCTGAGCTTTTTTTAGAAGAAGATTAACACCAACCATTGAATTAGGAATATTATGACCACCAATAGGAATTCAACCATTTAACCCTATACAAATTCCATTACTTAATACAGCTATTCTTTTAGCATCCGGGGTTTCTGTAACTTGAGCACACCATAGAATTATAGAATCAAATCATACCCAAGCACAACAAGGTCTATTTTTTACAGTATTATTAGGAATTTACTTTACTATACTTCAGATATATGAATACTGAGAAGCCCCTTTTACTATTGCTGATGCAATTTATGGATCAACATTCTTTATTGCAACAGGATTTCACGGATTACATGTAATTATTGGAACAATATTTCTCTTTACATGTTTAATACGACATTCAATTAATCAATTTTCTCCTAATCATCACTTCGGTTTTGAAGCAGCAGCATGATATTGACATTTCGTAGATGTAGTATGATTATTTTTATATATTTCAATCTATTGATGAGGTAGATAA	ILEKYIKHMLTMHSNHPFHMVDYSPWPLTGAIGAMVMVSGLAKWFHLFNMNLFLIGMMITLFTMIQWWRDVIREGTYQGLHTEFVLISLRWGMILFIVSEVLFFISFFWAFFSSSLTPTIELGMLWPPMGIQPFNPMQIPLLNTAILLASGVSVTWAHHSIMESNHTQAQQGLFFTVLLGIYFTMLQMYEYWEAPFTIADAIYGSTFFIATGFHGLHVIIGTMFLFTCLMRHSINQFSPNHHFGFEAAAWYWHFVDVVWLFLYISIYWWGS*
ND3	5565	5918	coding_strand	354	ATTTTTATTCTATCAACAGGGGTTATTATTAGATTCACTATACCAATAATAATTATAATTATTGCAACAATTCTATCAAAAAAATTAATTAATGACCGAGAAAAAAGATCACCATTTGAATGTGGATTTGATCCAAAAAGATCAGCTCGTATACCTTTCTCATTACAATTTTTCTTAATTGCAATAATCTTTCTAATTTTTGATGTAGAAATTGCATTAATTTTACCAATTATAATTATTATAAAAACATCAAATATTATAATCTGAACAATAGTAACAATATTTTTTACTATTATTTTATTAAGAGGTCTTTATCATGAATGAAATCAAGGAGCTCTTCAATGAGCAAATTAA	IFILSTGVIISFTMPMMIMIIATILSKKLINDREKSSPFECGFDPKSSARMPFSLQFFLIAMIFLIFDVEIALILPIMIIMKTSNIMIWTMVTMFFTIILLSGLYHEWNQGALQWAN*	ATTTTTATTCTATCAACAGGAGTTATTATTAGATTCACTATTCCAATAATAATTATAATTATTGCAACAATTCTATCAAAGAAATTAATTAATGACCGAGAAAAAAGATCACCATTTGAATGTGGATTTGATCCAAAAAGATCAGCTCGTATACCTTTCTCATTACAATTTTTCTTAATTGCAATAATCTTTTTAATTTTTGATGTAGAAATTGCATTAATTTTACCAATTATAATTATTATAAAAACATCAAATATTATAATCTGAACAATAGTAACAATATTTTTTACTATTATTTTATTAAGAGGTCTTTATCATGAATGAAATCAAGGAGCTCTTCAATGAGCAAATTAA	IFILSTGVIISFTIPMMIMIIATILSKKLINDREKSSPFECGFDPKSSARMPFSLQFFLIAMIFLIFDVEIALILPIMIIMKTSNIMIWTMVTMFFTIILLSGLYHEWNQGALQWAN*
ND5	8053	6320	complement	1734	TTGAAGTTATTTTCTATTTGTTCTTTAAGTTTTTTCTCTTTATTTTTATTAAGAACTTTAATTTTTACTTTAGGAATTTATTATTTAATAATTGATTATAGAGTTTTTATTGAGTGAGAGCTTTTTAATTTAAATGGTTCTATAGTTGTTATAACTCTAATTTTGGATTGAATGTCTTTAATTTTTTTATCTTTTGTTATGTATATTTCTTCTTTAGTTATTTATTATAGATATGATTATATAATAGGTGAAAAGAATATAAATCGTTTTATTATTATTGTTTTAATATTTATTCTTTCAATAGGTTTTTTAATTATTAGTCCAAATTTAATTAGAATTTTATTAGGATGAGATGGTCTTGGATTAGTTTCTTATTGTTTAGTTATTTATTATCAGAATAATAAGTCTTATGGTGCTGGTATATTAACTGCTTTATCAAATCGAATTGGTGATGTTGCAATTTTAATTTCTATTGCTTGAATATTTAATTTTGGTGGTTGAAATTATATTTATTATTATGATTTTATTTCTTTTTCTCTTGAAATAAAGTTTATTACAATATTAATCATTTTGGCTGCTATAACAAAGAGTGCTCAAATTCCATTTTCTTCTTGACTTCCTGCAGCTATAGCTGCTCCTACACCTGTTTCTGCTTTAGTTCATTCTTCTACTTTAGTTACTGCAGGTGTTTATTTATTAATTCGTTTTAGACCTATACTTAATATTTATAATTATGGTTGGTTTTTATTATTAATTGGTTGTATAACAATATTTATGGCTGGTTTAGGAGCAAATTTTGAATTTGATTTAAAGAAAATTATTGCCTTATCTACTTTGAGACAACTTGGTTTAATAATAAGAATTTTAGCTATGGGTTATCCAAAGCTTGCTTTTTTTCATTTATTATGTCATGCTTTATTTAAGGCATTATTATTTATATGTGCGGGGTCAATAATTCATAATTTAAAGGATTCTCAGGATATTCGTTTTATAGGCTCACTTGTAAATTTTATACCTTTAACTTCAATTTGTTTTAATGTTTCTAGCTTATCTTTATGTGGAATACCCTTTTTGGCTGGATTTTATTCAAAGGATTTAATTTTGGAGATAATTTGCTTAAGATGAATTAATTTCTTAATTTTTTTTATATATTTCTTTTCTACTGGTTTAACTGCTTCTTATTCTTTTCGTTTATTTTATTATTCAATATCTGGTGATAATAATTTTTATTCAAGTTTTTCTTTTGATGATAAAGGGTTTTATATTTCTTTTGGAATAATTTTATTATTATTTGTTGCAGTTTTTGGTGGTAGTTTACTTTCTTGATTAATTTTTCCTATTCCACATATAATTGTTTTACCATATTATTTAAAATATTTAATTATTACCGTAGTTGTTTTTGGATCTTATTTTGGTTATTTAGTTTCTAAATCAAATTTTTCTCAGGATTTATTTTCTATTAATATATTAGTTTATATAAGATTTATAGGGTCTATATGATTTATACCTTTTATTTCAACTAAATTTATTAATTATTTACCTTTAAAGTTTGGTTATTATTCATCAAAGTCTTTTGATTATGGTTGGGGTGAAATTTTAGGTGGTCAAGGCTTATATAGTTTATTAATATACATATTAAATTATATTCAATATTGATATGATTTTAATTTTAAAATTTATCTTTTAGCTTTTATTTTTTGAATATTGATTTTATTTATGTTATTTTTTATTTAA	LKLFSICSLSFFSLFLLSTLIFTLGIYYLMIDYSVFIEWELFNLNGSMVVMTLILDWMSLIFLSFVMYISSLVIYYSYDYMMGEKNMNRFIIIVLMFILSMGFLIISPNLISILLGWDGLGLVSYCLVIYYQNNKSYGAGMLTALSNRIGDVAILISIAWMFNFGGWNYIYYYDFISFSLEMKFITMLIILAAMTKSAQIPFSSWLPAAMAAPTPVSALVHSSTLVTAGVYLLIRFSPMLNIYNYGWFLLLIGCMTMFMAGLGANFEFDLKKIIALSTLSQLGLMMSILAMGYPKLAFFHLLCHALFKALLFMCAGSMIHNLKDSQDIRFMGSLVNFMPLTSICFNVSSLSLCGMPFLAGFYSKDLILEMICLSWINFLIFFMYFFSTGLTASYSFRLFYYSMSGDNNFYSSFSFDDKGFYISFGMILLLFVAVFGGSLLSWLIFPIPHMIVLPYYLKYLIITVVVFGSYFGYLVSKSNFSQDLFSINMLVYMSFMGSMWFMPFISTKFINYLPLKFGYYSSKSFDYGWGEILGGQGLYSLLMYMLNYIQYWYDFNFKIYLLAFIFWMLILFMLFFI*	TTGAAGTTATTTTCTATTTGTTCTTTAAGTTTTTTCTCTTTATTTTTATTAAGAACTTTAATTTTTACTTTAGGAATTTATTATTTAATAATTGATTATAGAGTTTTTATTGAGTGAGAGCTTTTTAATTTAAATGGTTCTATAGTTGTTATAACTCTAATTTTGGATTGAATGTCTTTAATTTTTTTATCTTTTGTTATATATATTTCTTCTTTAGTTATTTATTATAGATATGATTATATAATAGGTGAAAAGAATATAAATCGTTTTATTATTATTGTTTTAATATTTATTCTTTCAATAGGTTTTTTAATTATTAGTCCAAATTTAATTAGAATTTTATTAGGATGAGATGGTCTTGGATTAGTTTCTTATTGTTTAGTTATTTATTATCAGAATAATAAGTCTTATAGTGCTGGTATATTAACTGCTTTATCAAATCGAATTGGTGATGTTGCAATTTTAATTTCTATTGCTTGAATATTTAATTTTGGTGGTTGAAATTATATTTATTATTATGATTTTATTTCTTTTTCTCTTGAAATAAAGTTTATTACAATATTAATCATTTTGGCTGCTATAACAAAGAGTGCTCAAATTCCATTTTCTTCTTGACTTCCTGCAGCTATAGCTGCTCCTACACCTGTTTCTGCTTTAGTTCATTCTTCTACTTTAGTTACTGCAGGTGTTTATTTATTAATTCGTTTTAGACCTATACTTAATATTTATAATTATGGTTGGTTTTTATTATTAATTGGTTGTATAACAATATTTATGGCTGGTTTAGGGGCAAATTTTGAATTTGATTTAAAGAAAATTATTGCCTTATCTACTTTGAGACAACTTGGTTTAATAATAAGAATTTTAGCTATGGGTTATCCAAAGCTTGCTTTTTTTCATTTATTATGTCATGCTTTATTTAAGGCATTATTATTTATGTGTGCGGGTTCAATAATTCATAATTTAAAGGATTCTCAGGATATTCGTTTTATAGGCTCACTTGTAAATTTTATACCTTTAACTTCAATTTGTTTTAATGTTTCTAGCTTATCTTTATGTGGAATACCATTTTTGGCTGGATTTTATTCAAAGGATTTAATTTTGGAGATAATTTGCTTAAGATGAATTAATTTCTTAATTTTTTTTATATATTTCTTTTCTACTGGTTTAACTGCTTCTTATTCTTTTCGTTTATTTTATTATTCAATATCTGGTGATAATAATTTTTATTCAAGTTTTTCTTTTGATGATAAAGGGTTTTATATTTCTTTTGGAATAATTTTATTATTATTTGTTGCAGTTTTTGGTGGTAGTTTACTTTCTTGATTAATTTTTCCTATTCCACATATAATTGTTTTACCATATTATTTAAAATATTTAATTATTACCGTAGTTGTTTTTGGATCTTATTTTGGTTATTTAGTTTCTAAATCAAATTTTTCTCAGGATTTATTTTCTATTAATATATTATTTTATATAAGATTTATAGGGTCTATATGATTTATACCTTTTATTTCAACTAAATTTATTAATTATTTACCTTTAAAGTTTGGTTATTATTCATCAAAGTCCTTTGATTATGGTTGGGGTGAAATTTTAGGTGGTCAAGGCTTATATAGTTTATTAATATACATATTAAATTATATTCAATATTGATATGATTTTAATTTTAAAATTTATCTTTTAGCTTTTATTTTTTGAATATTGATTTTATTTATGTTATTTTTTATTTAA	LKLFSICSLSFFSLFLLSTLIFTLGIYYLMIDYSVFIEWELFNLNGSMVVMTLILDWMSLIFLSFVMYISSLVIYYSYDYMMGEKNMNRFIIIVLMFILSMGFLIISPNLISILLGWDGLGLVSYCLVIYYQNNKSYSAGMLTALSNRIGDVAILISIAWMFNFGGWNYIYYYDFISFSLEMKFITMLIILAAMTKSAQIPFSSWLPAAMAAPTPVSALVHSSTLVTAGVYLLIRFSPMLNIYNYGWFLLLIGCMTMFMAGLGANFEFDLKKIIALSTLSQLGLMMSILAMGYPKLAFFHLLCHALFKALLFMCAGSMIHNLKDSQDIRFMGSLVNFMPLTSICFNVSSLSLCGMPFLAGFYSKDLILEMICLSWINFLIFFMYFFSTGLTASYSFRLFYYSMSGDNNFYSSFSFDDKGFYISFGMILLLFVAVFGGSLLSWLIFPIPHMIVLPYYLKYLIITVVVFGSYFGYLVSKSNFSQDLFSINMLFYMSFMGSMWFMPFISTKFINYLPLKFGYYSSKSFDYGWGEILGGQGLYSLLMYMLNYIQYWYDFNFKIYLLAFIFWMLILFMLFFI*
ND4	9463	8123	complement	1341	ATCTTTATGTTAAGGTATTTATTTATAATTGTTTTTTTGATTCCCCTTTGTTTAATAAATAATTCTTGATGGTTGGTTCATTCTTTAATATTTTTATTTAGTTTTGTTTTTATAATTTGTATTTATTCATATTGTGATTTAAATATAATTAGATATTATTTTGGTGTTGATTATTTTTCTTTTTGTTTAATTTTACTTAGATTTTGAATTTGTTCTTTAATAATTATGGCTAGAGGTTCAATTTATTTATTTTCTTATTATCCAAATTTGTTTATTTTTATGATTTTATTTCTTTTAATTATATTATATTGTTCTTTTTCAAGTTTAAGATTATTATCTTTTTATATTTTTTTTGAAGCAAGATTAATCCCGACTTTATTTTTAATTTTAGGTTGAGGTTATCAACCTGAGCGTCTTCAGGCTGGAATTTATTTAATTTTTTATACTTTGATTGCTAGATTACCATTATTACTTTGTTTATTTAGGGTTTATGATTATATTAATACTTTATATTTTCCCTTGTTATTTGATTTTGGTTCTTATTATTTCTTATTTTATGTTTTTATAGTTTTAGCTTTTTTAGTTAAAATGCCAATATTTTTATTTCATTTATGATTACCTAAGGCTCATGTTGAGGCACCTATTTCTGGAAGAATAATTTTAGCTGGTGTTTTATTAAAGCTAGGAGGTTATGGTATTTTTCGTGTAATAAAAATTATTTCTTTTTTGGGTTTAAAGTTTAATTATTTTTGATTATCTTTGAGTTTATCAGGAGGAGTTATTGTAAGATTTATTTGTTTCCGTCAAGTTGATTTAAAATCTTTAATTGCTTATTCTTCTGTTGCTCATATAAGAATAGTTATTGGTGGTTTAATAACTATAAATTGATGGGGTTGTATAGGTTCTTTATTTTTAATAATTGGTCATGGTTTATGTTCTTCTGGTTTATTTTGTTTGTCAAATATTATATATGAGCGTTTAGGTAGACGAAGTTTATTGGTAAATAAGGGTATAATTAATCTTATACCAAGAATATCTCTTTGATGATTTCTTTTAAGTTGTTCTAATATGGCTTCTCCGCCTTCATTAAATTTAATTGGTGAATTTAGTTTATTAAATAGAATTATATCATGATCTTCTTTTATATTTTTGGTGTTGATTTTTTTATCTTTTTTTAGAGCTGTTTATACTTTATATATATATTCTTACTCTCAACATGGTTCATATTTTGCTGGTTTGTATACTTGTACTCTTGGTTATTTACGTGAATATCATCTTCTATTCTTACATTGGTTTCCTTTAAATATTATATGTTTAAAGGGTGAGCTTTTTTTTGTTTAA	IFMLSYLFMIVFLIPLCLMNNSWWLVHSLMFLFSFVFMICIYSYCDLNMISYYFGVDYFSFCLILLSFWICSLMIMASGSIYLFSYYPNLFIFMILFLLIMLYCSFSSLSLLSFYIFFEASLIPTLFLILGWGYQPERLQAGIYLIFYTLIASLPLLLCLFSVYDYINTLYFPLLFDFGSYYFLFYVFMVLAFLVKMPMFLFHLWLPKAHVEAPISGSMILAGVLLKLGGYGIFRVMKIISFLGLKFNYFWLSLSLSGGVIVSFICFRQVDLKSLIAYSSVAHMSMVIGGLMTMNWWGCMGSLFLMIGHGLCSSGLFCLSNIMYERLGSRSLLVNKGMINLMPSMSLWWFLLSCSNMASPPSLNLIGEFSLLNSIMSWSSFMFLVLIFLSFFSAVYTLYMYSYSQHGSYFAGLYTCTLGYLREYHLLFLHWFPLNIMCLKGELFFV*	ATCTTTATGTTAAGGTATTTATTTATAATTGTTTTTTTGATTCCCCTTTGTTTAATAAATAATTCTTGATGGTTGGTTCATTCTTTAATATTTTTATTTAGTTTTGTTTTTATAATTTGTATTTATTCATATTGTGATTTAAATATAATTAGATATTATTTTGGGGTTGATTATTTTTCTTTTTGTTTAATTTTACTTAGATTTTGAATTTGTTCTTTAATAATTATGGCTAGAGGTTCAATTTATTTATTTTCTTATTATTCAAATTTGTTTATTTTTATGATTTTATTTCTTTTAATTATATTATATTGTTCTTTTTCAAGTTTAAGATTATTATCTTTTTATATTTTTTTTGAAGCAAGATTAATCCCGACTTTATTTTTAATTTTAGGTTGAGGTTATCAACCTGAGCGTCTTCAGGCTGGAATTTATTTAATTTTTTATACTTTGATTGCTAGATTACCATTATTATTTTGTTTATTTAGGGTTTATGATTATATTAATACTTTATATTTTCCCTTGTTATTTGATTTTGGTTCTTATTATTTCTTATTTTATGTTTTTATAGTTTTAGCTTTTTTAGTTAAAATGCCAATATTTTTATTTCATTTATGATTACCTAAGGCTCATGTTGAGGCACCTATTTCTGGAAGAATAATTTTAGCTGGTGTTTTATTAAAGTTAGGAGGTTATGGTATTTTTCGTGTAATAAAAATTATTTCTTTTTTGGGTTTAAAGTTTAATTATTTTTGATTATCTTTGAGTTTATCAGGAGGAGTTATTGTAAGATTTATTTGTTTCCGTCAAGTTGATTTAAAATCTTTAATTGCTTATTCTTCTGTTGCTCATATAAGAATAGTTATTGGTGGTTTAATAACTATAAATTGATGGGGTTGTATAGGTTCTTTATTTTTAATAATTGGTCATGGTTTATGTTCTTCTGGTTTATTTTGTTTGTCAAATATTATATATGAGCGTTTAGGTAGACGAAGTTTATTAGTAAATAAGGGTATAATTAATCTTATACCAAGAATATCTCTTTGATGATTTCTTTTAAGTTGTTCTAATATGGCTTCTCCACCTTCATTAAATTTAATTGGTGAATTTAGTTTATTAAATAGAATTATATCATGATCTTCTTTTATATTTTTGGTGTTGATTTTTTTATCTTTTTTTAGAGCTGTTTATACTTTATATATATATTCTTATTCTCAACATGGTTCATATTTTGCTGGTTTGTATACTTGTACTCTTGGTTATTTACGTGAATATCATCTTCTATTCTTACATTGGTTTCCTTTAAATATTATATGTTTAAAGGGTGAGCTTTTTTTTGTTTAA	IFMLSYLFMIVFLIPLCLMNNSWWLVHSLMFLFSFVFMICIYSYCDLNMISYYFGVDYFSFCLILLSFWICSLMIMASGSIYLFSYYSNLFIFMILFLLIMLYCSFSSLSLLSFYIFFEASLIPTLFLILGWGYQPERLQAGIYLIFYTLIASLPLLFCLFSVYDYINTLYFPLLFDFGSYYFLFYVFMVLAFLVKMPMFLFHLWLPKAHVEAPISGSMILAGVLLKLGGYGIFRVMKIISFLGLKFNYFWLSLSLSGGVIVSFICFRQVDLKSLIAYSSVAHMSMVIGGLMTMNWWGCMGSLFLMIGHGLCSSGLFCLSNIMYERLGSRSLLVNKGMINLMPSMSLWWFLLSCSNMASPPSLNLIGEFSLLNSIMSWSSFMFLVLIFLSFFSAVYTLYMYSYSQHGSYFAGLYTCTLGYLREYHLLFLHWFPLNIMCLKGELFFV*
ND4L	9795	9451	complement	345	ATCTTATTTTTGGTTTACAAGACCAGTGTTTTTTTTAAACTATTAAAACTAATGTTTATATTTTCTATTTTTACTTCTTTGTTAATATATTTTGCTGGTGTATATATTTTTTCTTTAAAACGTAAGCATTTATTAATAGTTTTGTTAAGATTGGAATATATTGTTCTTTCTTTATTTATATTAATTATTATTTTTCTTATTAAATTTGATTATGATTATTTCTTTCCTGTAATTTTTTTAATTTTTTCTGTTTGTGAGGGTGCCTTAGGTTTATCAATTTTAGTTTCTATAATTCGTTCTTATGGTAATGATTTTTTTAATTCTTTTAGTTTATCTTTATGTTAA	ILFLVYKTSVFFKLLKLMFMFSIFTSLLMYFAGVYIFSLKRKHLLMVLLSLEYIVLSLFMLIIIFLIKFDYDYFFPVIFLIFSVCEGALGLSILVSMIRSYGNDFFNSFSLSLC*	ATCTTATTTTTGGTTTACAAGACCAGTGTTTTTTTTAAACTATTAAAACTAATGTTTATATTTTCTATTTTTACTTCTTTGTTAATTTATTTTGCTGGTGTATATATTTTTTCTTTAAAACGTAAGCATTTATTAATAGTTTTGTTAAGATTGGAATATATTGTTCTTTCTTTATTTATATTAATTATTATTTTTCTTATTGAATTTGATTATGATTATTTCTTTCCTGTAATTTTTTTAATTTTTTCTGTTTGTGAGGGTGCCTTAGGTTTATCAATTTTAGTTTCTATAATTCGTTCTCATGGTAATGATTTTTTTAATTCTTTTAGTTTATCTTTATGTTAA	ILFLVYKTSVFFKLLKLMFMFSIFTSLLIYFAGVYIFSLKRKHLLMVLLSLEYIVLSLFMLIIIFLIEFDYDYFFPVIFLIFSVCEGALGLSILVSMIRSHGNDFFNSFSLSLC*
ND6	9829	10404	coding_strand	576	ATATTTCTATCTTTAGTCTCCAAAACCAATATTTTAAATAAACTAACTCCTGAAATGATAAAAATAATAATTATAGTATTATCAAACGTAATGAGTATAAATTTTATTAAATTAAATCATCCAATATCAATAATAATATTTATTATTTTTCAAACTTTCCTTATTGGATTAATAAGTGGAACAATTATAGAAAGATTTTGATTATCATACATTTTATTTTTAATATTTCTTGGAGGTATATTAGTATTATTTATTTATATTACAAGAATTGCATCAAATGAAATATTTAAACCAAAGTTAATAATTTTAATATTTTCGCTTATTTTATGAATCATTATTGTAGTAATTTTAATTATTTTAGATAAAATAATATTTATAGACCTTTTTAAAAATACAGAAACTATTAATATTAGTAATTCAATTAATTATCAAGAAATAACATTTTCATTAGAAAAATTATATAATAATCCAACATTTATTATTACAATAATAATAATAATTTATTTATTTGTAGCATTATTAGCGGTAGTAAAAATCACTAATATTAATCAAGGACCTATTCGTAAAATAAAATAA	MFLSLVSKTNILNKLTPEMMKMMIMVLSNVMSMNFIKLNHPMSMMMFIIFQTFLIGLMSGTIMESFWLSYILFLMFLGGMLVLFIYITSIASNEMFKPKLMILMFSLILWIIIVVILIILDKMMFMDLFKNTETINISNSINYQEMTFSLEKLYNNPTFIITMMMMIYLFVALLAVVKITNINQGPIRKMK*	ATATTTCTATCTTTAGTCTCCAAAACCAATATTTTAAATAAACTAACTCCTGAAATGATAAAAATAATAATTATAGTATTATTAAACGTAATAAGTATTAATTTTATTAAATTAAATCATCCAATATCAATAATAATATTTATTATTTTTCAAACTTTCCTTATTGGATTAATAAGTGGAACAATTATAGAAAGATTTTGATTATCATACATTTTATTTTTAATATTTCTTGGAGGTATATTAGTATTATTTATTTATATTACAAGAATTGCATCAAATGAAATATTTAAACCAAAGTTAATAATTTTAATATTTTCGCTTATTTTATGAATTATTATTGTAGTAATTTTAATTATTTTAGATAAAATAATATTTATAGATCTTTTTAAAAATACAGAAACTGTTAATATTAGTAATTCAATTAATTATCAAGAAATAACATTTTCATTAGAAAAATTATATAATAATCCAACATTTATTATTACAATAATAATAATAATTTATTTATTTGTAGCATTATTAGCGGTAGTAAAAATCACTAATATTAATCAAGGACCTATTCGTAAAATAAAATAA	MFLSLVSKTNILNKLTPEMMKMMIMVLLNVMSINFIKLNHPMSMMMFIIFQTFLIGLMSGTIMESFWLSYILFLMFLGGMLVLFIYITSIASNEMFKPKLMILMFSLILWIIIVVILIILDKMMFMDLFKNTETVNISNSINYQEMTFSLEKLYNNPTFIITMMMMIYLFVALLAVVKITNINQGPIRKMK*
CYTB	10411	11550	coding_strand	1140	ATGAATAAACCAACTCGATTAAGACATCCTTTATTTAAAATTATTAATAATTCTTTGATTGATCTACCTGCACCAACTAATATTTCATTTTGATGGAATATTGGTTCCTTATTAGGATTATGTTTAATAATTCAAATTATAACAGGATTATTTTTAGCTATACATTATACTTCAAATATTGAAATAGCATTTAGAAGAGTAATTCATATTTGTCGAGATGTAAACAATGGTTGAATTATCCGAACCCTTCATGCTAATGGAGCATCAATATTTTTTATTTGTATTTATCTTCATGTTGGTCGAGGAATTTATTACGGATCATATATGTATATTCATACATGAATAATTGGGACAATTATTTTATTTTTAGTTATAGCAACCGCATTTATAGGTTATGTTTTACCATGAGGACAAATATCATTTTGAGGTGCAACAGTAATTACTAATTTATTATCAGCAATTCCATATCTAGGTACAGATTTAGTACAATGAGTATGGGGAGGGTTTGCTGTAGATAATGCAACATTAAATCGATTCTTTTCCTTTCATTTTGTTTTACCATTTATAATTATTACTATAGCAGTAATTCACTTATTTTTTCTTCATCAAAGAGGATCAAATAATCCATTAGGAATTAATAGAAATATTGAAAAAATCCCTTTTCATCCCTATTTCACATTTAAGGATTCAATTACATTTATCTTTATAACATCTTTATTAGTTATATTATGCCTAATTAATCCTTTCTTATTAGGAGATCCTGATAATTTTGTGCCAGCAAACCCTTTAGTTACCCCTATTCATATTCAACCTGAATGATACTTTCTATTTGCATATGCAATTTTACGATCAATCCCAAATAAATTAGGTGGAGTTATTGCTCTATTTTTATCAATTAGAATCTTAATAATTCTTCCATTCTATAATAAAACACCATTTCGAGGAATTCAATTTTATCCAATTAATCAAATAATATTTTGAATTATAGTAATTATTGTAATTCTATTAACATGAATTGGAAAACGGCCTGTAGAAGAGCCTTATATTATAACTGGACAGATTTTAACAATTATTTACTTTTCTTACTTCATTATAAATGTTCATATTGCAAATATATGAGATAAATTAATTAAAGATTAA	MNKPTRLSHPLFKIINNSLIDLPAPTNISFWWNIGSLLGLCLMIQIMTGLFLAMHYTSNIEMAFSSVIHICRDVNNGWIIRTLHANGASMFFICIYLHVGRGIYYGSYMYIHTWMIGTIILFLVMATAFMGYVLPWGQMSFWGATVITNLLSAIPYLGTDLVQWVWGGFAVDNATLNRFFSFHFVLPFMIITMAVIHLFFLHQSGSNNPLGINSNIEKIPFHPYFTFKDSITFIFMTSLLVMLCLINPFLLGDPDNFVPANPLVTPIHIQPEWYFLFAYAILRSIPNKLGGVIALFLSISILMILPFYNKTPFRGIQFYPINQMMFWIMVIIVILLTWIGKRPVEEPYIMTGQILTIIYFSYFIMNVHIANMWDKLIKD*	ATGAATAAACCAACTCGATTAAGACATCCTTTATTTAAAATTATTAATAATTCTTTGATTGATCTACCTGCACCAACTAATATTTCATTTTGATGGAATATTGGTTCCTTATTAGGATTATGTTTAATAATTCAAATTATAACAGGATTATTTTTAGCTATACATTATACTTCAAATATTGAAATAGCATTTAGAAGAGTAGTTCATATTTGTCGAGATGTAAATAATGGTTGAATTATCCGAACCCTTCATGCTAATGGAGCATCAATATTTTTTATTTGTATTTATCTTCATGTTGGTCGAGGAATTTATTACGGATCATATATGTACATTCATACATGAATAATTGGAACAATTATTTTATTTTTAGTTATAGCAACCGCATTTATAGGTTATGTTTTACCATGAGGACAAATATCATTTTGAGGTGCAACAGTAATTACTAATTTATTATCAGCAATTCCATATCTAGGTACAGATTTAGTACAATGAGTATGGGGAGGGTTTGCTGTAGATAATGCAACATTAAATCGATTCTTTTCCTTTCATTTTGTTTTACCATTTATAATTATTACTATAGCAGTAATTCACTTATTTTTTCTTCATCAAAGAGGATCAAATAATCCATTAGGAATTAATAGAAATATTGAAAAAATCCCTTTTCATCCCTATTTTACATTTAAGGATTCAATTACATTTATCTTTATAACATCTTTATTAGTTATATTATGCCTAATTAATCCTTTCTTATTAGGAGATCCTGATAATTTTGTGCCAGCAAACCCTTTAGTTACCCCTATTCATATTCAACCTGAATGATACTTTCTATTTGCATATGCAATTTTACGATCAATCCCAAATAAATTAGGTGGAGTTATTGCTCTATTTTTATCAATTAGAATCTTAATAATTCTTCCATTCTATAATAAAACACCATTTCGAGGAATTCAATTTTATCCAATTAATCAAATAATATTTTGAATTATAGTAATTATTGTAATTCTATTAACATGAATTGGAAAACGGCCTGTAGAAGAGCCTTATATTATAACTGGACAGATTTTAACAATTATTTACTTTTCTTACTTCATTATTAATGTTCATATTGCAAATATATGAGATAAATTAATTAAAGATTAA	MNKPTRLSHPLFKIINNSLIDLPAPTNISFWWNIGSLLGLCLMIQIMTGLFLAMHYTSNIEMAFSSVVHICRDVNNGWIIRTLHANGASMFFICIYLHVGRGIYYGSYMYIHTWMIGTIILFLVMATAFMGYVLPWGQMSFWGATVITNLLSAIPYLGTDLVQWVWGGFAVDNATLNRFFSFHFVLPFMIITMAVIHLFFLHQSGSNNPLGINSNIEKIPFHPYFTFKDSITFIFMTSLLVMLCLINPFLLGDPDNFVPANPLVTPIHIQPEWYFLFAYAILRSIPNKLGGVIALFLSISILMILPFYNKTPFRGIQFYPINQMMFWIMVIIVILLTWIGKRPVEEPYIMTGQILTIIYFSYFIINVHIANMWDKLIKD*
ND1	12605	11643	complement	963	ATTCTACAAATAGTATTGATATTTTATGATTTATTTATGTTTATTTTAAATTTTCTTTTTTTATTAATTTGTGTTTTAATTAGTGTTGCTTTTTTAACTTTGCTAGAGCGAAAGGTATTAGGTTATATTCAAATTCGGAAAGGTCCTAATAAAGTTGGTTTTTCTGGTTTTATTCAACCTTTTAGTGACGCTATTAAATTAATTTGTAAGGAACAGCCTATTCCTATTTTATCAAATTATTTATTATACTATTTTGCCCCCGTATTTAATTTAATAATTTCTTTAATTATTTGAATGATTTTTCCTTATTTAACTTATATATGTTCATTTTCTTATGGGTTTTTATTCTTTTTATGTTGTACTAGATTAAGTGTTTATACTGTAATAATTGCTGGTTGATCATCTAATTCAAATTATTCTTTATTAGGATCCATACGTTCTGTTGCTCAAACTATTTCTTATGAAGTAAGATTAGCTTTAATTTTATTATCTTTAGTTATTTTAATTGGTAGATTTAATATATTTGATTTTATTAATTATCAGATTTATTGTTGATTTATTATTATTTCTTTTCCTTTATTTTTATCATTTTTTGCTTCCTGTTTAGCAGAGACTAATCGTACACCTTTTGATTTTGCTGAGGGTGAATCTGAATTAGTTTCAGGGTTTAATATTGAATATGGTGCTAGTGGATTTACTTTAATTTTTTTAGCTGAATATACAAGAATTATTTTTATAAGAATATTTTTGATTTTAATTTTTTTAGGAGGTGATTTTAATTCTTTTACATTTTTTGTAAAGCTTTCTATTATATCTTTTATTTTTATTTGAGTTCGTGGAACTTTACCTCGTTTTCGGTATGATAAGTTAATATATATAGCATGAAGGGGATTTTTACCTTTATCTTTAAATTTTTTTATTTTTTATATTGGATTTAAAATTTTATTAATTTCAATTATTTAG	ILQMVLMFYDLFMFILNFLFLLICVLISVAFLTLLERKVLGYIQIRKGPNKVGFSGFIQPFSDAIKLICKEQPIPILSNYLLYYFAPVFNLMISLIIWMIFPYLTYMCSFSYGFLFFLCCTSLSVYTVMIAGWSSNSNYSLLGSMRSVAQTISYEVSLALILLSLVILIGSFNMFDFINYQIYCWFIIISFPLFLSFFASCLAETNRTPFDFAEGESELVSGFNIEYGASGFTLIFLAEYTSIIFMSMFLILIFLGGDFNSFTFFVKLSIMSFIFIWVRGTLPRFRYDKLMYMAWSGFLPLSLNFFIFYIGFKILLISII*	ATTCTACAAATAGTATTGATATTTTATGATTTATTTATGTTTATTTTAAATTTTCTTTTTTTATTAATTTGTGTTTTAATTAGTGTTGCTTTTTTAACTTTGTTAGAGCGAAAGGTATTAGGTTATATTCAAATTCGGAAAGGTCCTAATAAAGTTGGTTTTTCTGGTTTTATTCAACCTTTTAGTGACGCTATTAAATTAATTTGTAAGGAACAGCCTATTCCTATTTTATCAAATTATTTATTATACTATTTTGCCCCCGTATTTAATTTAATAATTTCTTTAATTATTTGAATGATTTTTCCTTATTTAACTTATATATGTTCATTTTCTTATGGGTTTTTATTCTTTTTATGTTGTACTAGATTAAGTGTTTATACTGTAATAATTGCTGGTTGATCATCTAATTCAAATTATTCTTTATTAGGATCCATACGTTCTGTTGCTCAAACTATTTCTTATGAAGTAAGATTAGCTTTAATTTTATTATCTTTAGTTATTTTAATTGGTAGATTTAATATATTTGATTTTATTAATTATCAGATTTATTGTTGATTTATTATTATTTCTTTTCCTTTATTTTTATCATTTTTTGCTTCCTGTTTAGCAGAGACTAATCGTACTCCTTTTGATTTTGCTGAGGGTGAATCTGAATTAGTTTCAGGGTTTAATATTGAATATGGTGCTAGTGGATTTACTTTAATTTTTTTAGCTGAATATACAAGAATTATTTTTATAAGAATATTTTTGGTTTTAATTTTTTTAGGAGGTGATTTTAATTCTTTTACATTTTTTGTAAAGCTTTCTATTATATCTTTTATTTTTATTTGAGTTCGTGGAACTTTACCTCGTTTTCGGTATGATAAGTTAATATATTTAGCATGAAGGGGATTTTTACCTTTATCTTTAAATTTTTTTATTTTTTATATTGGATTTAAAATTTTATTAATTTCAATTATTTAG	ILQMVLMFYDLFMFILNFLFLLICVLISVAFLTLLERKVLGYIQIRKGPNKVGFSGFIQPFSDAIKLICKEQPIPILSNYLLYYFAPVFNLMISLIIWMIFPYLTYMCSFSYGFLFFLCCTSLSVYTVMIAGWSSNSNYSLLGSMRSVAQTISYEVSLALILLSLVILIGSFNMFDFINYQIYCWFIIISFPLFLSFFASCLAETNRTPFDFAEGESELVSGFNIEYGASGFTLIFLAEYTSIIFMSMFLVLIFLGGDFNSFTFFVKLSIMSFIFIWVRGTLPRFRYDKLMYLAWSGFLPLSLNFFIFYIGFKILLISII*
COX1	1398	2972	coding_strand	1575	ATTTACAGTCTATCACCTACTAATTCAGCCATCTTACCGAATAAATGATTATTTTCAACAAACCATAGGGATATTGGAACGTTGTATTTTATTTTTGGTGCATGGGCTGGAATAGTAGGAACATCAATAAGAATAATTATTCGAACAGAATTAGGACAACCAGGATCATTAATTAGAGATGATCAAATCTATAATGTAATTATTACAGCCCACGCATTTGTAATAATTTTCTTTATAGTTATACCTATCATAATTGGAGGATTTGGTAATTGACTAGTCCCATTAATAATTGGAGCCCCAGATATAGCATTCCCACGAATAAATAATATAAGTTTTTGACTTTTACCACCTTCATTGACCCTGCTAATTTCGTCCTCTATAGTTGATAACGGAGCTGGGACTGGATGAACAGTTTACCCTCCACTTGCTGGACCAATTGCTCACGGGGGAACATCAGTTGATTTAGCAATTTTCTCATTACATCTTGCTGGTGTATCATCAATTCTAGGGGCAGTCAATTTTATTACAACAACAATTAATATACGTTCAGGAAGTATATCTCTTGATCAAACACCACTATTTGTTTGATCAGTTGCTATTACAGCCCTACTTTTATTATTATCACTTCCAGTTTTAGCAGGAGCTATTACCATATTATTAACCGATCGAAATTTAAATACATCATTTTTTGACCCTGCAGGAGGGGGTGATCCAATTCTTTATCAACACTTATTTTGATTTTTTGGGCATCCAGAAGTTTATATTTTAATTCTTCCTGGATTTGGAATTATTTCTCATATTGTTTGCCAAGAAAGAGGAAAAATTGAATCATTTGGAACATTAGGGATAATCTACGCAATATTATCAATTGGAATTATAGGATTTATTGTATGAGCACATCATATATTTACAGTGGGGATAGATGTTGATACACGAGCATATTTTACATCAGCAACAATAATTATTGCAGTACCAACTGGAATTAAGGTATTTAGCTGATTAGCTACACTTTATGGAACAAAATTTAAATTTAACCCACCATTATTATGAGCACTTGGATTTATTTTTCTATTTACAATTGGTGGATTAACAGGATTAGTATTAGCAAATTCTTCCCTTGATATCATTTTACATGATACTTACTATGTTGTAGCTCACTTTCACTACGTTTTATCTATAGGAGCAGTATTTGCAATCATAGGAGGTATTATTCAATGATATCCTTTATTCACCGGATTAACAATGAATAACATATGATTAAAACTTCAATTTACAATTATATTTATTGGAGTAAATTTAACTTTCTTCCCTCAACATTTCCTAGGATTGGCAGGAATACCTCGACGATATTCAGATTATCCTGATGCATATACATCATGAAATGTAATTTCAAGTATTGGATCAACCATTTCAATTGTAGGAACTATCATATTTATTTTAATCATATGAGAAAGTATAATTTCAAATCGATCAATTATATTTAGCTCCAATATAAGAAGATCTACAGAATGATTACAAAATAATCCCCCAACAGAACATAGATACTCAGAATTACCATTAATTTCTAGATTCTAA	IYSLSPTNSAILPNKWLFSTNHSDIGTLYFIFGAWAGMVGTSMSMIIRTELGQPGSLISDDQIYNVIITAHAFVMIFFMVMPIMIGGFGNWLVPLMIGAPDMAFPRMNNMSFWLLPPSLTLLISSSMVDNGAGTGWTVYPPLAGPIAHGGTSVDLAIFSLHLAGVSSILGAVNFITTTINMRSGSMSLDQTPLFVWSVAITALLLLLSLPVLAGAITMLLTDRNLNTSFFDPAGGGDPILYQHLFWFFGHPEVYILILPGFGIISHIVCQESGKIESFGTLGMIYAMLSIGIMGFIVWAHHMFTVGMDVDTRAYFTSATMIIAVPTGIKVFSWLATLYGTKFKFNPPLLWALGFIFLFTIGGLTGLVLANSSLDIILHDTYYVVAHFHYVLSMGAVFAIMGGIIQWYPLFTGLTMNNMWLKLQFTIMFIGVNLTFFPQHFLGLAGMPRRYSDYPDAYTSWNVISSIGSTISIVGTIMFILIMWESMISNRSIMFSSNMSSSTEWLQNNPPTEHSYSELPLISSF*	ATTTACAGTCTATCACCTACTAATTCAGCCATCTTACCGAATAAATGATTATTTTCAACAAACCATAGGGATATTGGAACGTTGTATTTTATTTTTGGTGCATGGGCTGGAATAGTAGGAACATCAATAAGAATAATTATTCGAACAGAATTAGGACAACCAGGATCATTAATTAGAGATGATCAAATCTATAATGTAATTATTACAGCCCACGCATTTGTAATAATTTTCTTTATAGTTATACCTATCATAATTGGAGGATTTGGTAATTGACTAGTCCCATTAATAATTGGAGCTCCAGATATAGCATTCCCACGAATAAATAATATAAGTTTTTGACTTTTACCACCTTCATTGACCCTGCTAATTTCGTCCTCTATAGTTGATAACGGAGCTGGGACTGGATGAACAGTTTACCCTCCACTTGCTGGACCAATTGCTCACGGAGGAACATCAGTTGATTTAGCAATTTTCTCATTACATCTTGCTGGTGTATCATCAATTCTAGGGGCAGTCAATTTTATTACAACAACAATTAATATACGTTCAGGAAGTATATCTCTTGATCAAACACCACTATTTGTTTGATCAGTTGCTATTACAGCCCTACTTTTATTATTATCACTTCCAGTTTTAGCAGGAGCTATTACCATATTATTAACTGATCGAAATTTAAATACATCATTTTTTGACCCTGCAGGAGGGGGTGATCCAATTCTTTATCAACACTTATTTTGATTTTTTGGGCATCCAGAAGTTTATATTTTAATTCTTCCTGGATTTGGAATTATTTCTCATATTGTTTGCCAAGAAAGAGGAAAAATTGAATCATTTGGAACATTAGGGATAATCTACGCAATATTATCAATTGGAATTATAGGATTTATTGTATGAGCACATCATATATTTACAGTGGGGATAGATGTTGATACACGAGCATATTTTACATCAGCAACAATAATTATTGCAGTCCCAACTGGAATTAAGGTATTTAGCTGATTAGCTACACTTTATGGAACAAAATTTAAATTTAACCCACCATTATTATGAGCACTTGGATTTATTTTTCTATTTACAATTGGTGGATTAACAGGATTAGTATTAGCAAATTCTTCCCTTGATATCATTTTACATGATACTTACTATGTTGTAGCTCACTTTCACTACGTTTTATCTATAGGAGCAGTATTTGCAATCATAGGAGGTATTATTCAATGATATCCTTTATTCACCGGATTAACAATGAATAACATATGATTAAAACTTCAATTTACAATTATATTTATTGGAGTAAATTTAACTTTCTTCCCTCAACATTTCCTAGGATTGGCAGGAATACCTCGACGATATTCAGATTATCCTGATGCATATACATCATGAAATGTAATTTCAAGTATTGGATCAACCATTTCAATTGTAGGAACTATCATATTTATTTTAATCATATGAGAAAGTATAATTTCAAATCGATCAATTATATTTAGCTCCAATATAAGAAGATCTACAGAATGATTACAAAATAATCCCCCAACAGAACATAGATACTCAGAATTACCATTAATTTCTAGATTCTAA	IYSLSPTNSAILPNKWLFSTNHSDIGTLYFIFGAWAGMVGTSMSMIIRTELGQPGSLISDDQIYNVIITAHAFVMIFFMVMPIMIGGFGNWLVPLMIGAPDMAFPRMNNMSFWLLPPSLTLLISSSMVDNGAGTGWTVYPPLAGPIAHGGTSVDLAIFSLHLAGVSSILGAVNFITTTINMRSGSMSLDQTPLFVWSVAITALLLLLSLPVLAGAITMLLTDRNLNTSFFDPAGGGDPILYQHLFWFFGHPEVYILILPGFGIISHIVCQESGKIESFGTLGMIYAMLSIGIMGFIVWAHHMFTVGMDVDTRAYFTSATMIIAVPTGIKVFSWLATLYGTKFKFNPPLLWALGFIFLFTIGGLTGLVLANSSLDIILHDTYYVVAHFHYVLSMGAVFAIMGGIIQWYPLFTGLTMNNMWLKLQFTIMFIGVNLTFFPQHFLGLAGMPRRYSDYPDAYTSWNVISSIGSTISIVGTIMFILIMWESMISNRSIMFSSNMSSSTEWLQNNPPTEHSYSELPLISSF*
COX2	3035	3718	coding_strand	684	ATGGCAACATGATCAAATATATCATTACAAGATAGAGCTTCACCTTTAATAGAACAACTATCATTCTTTCATGATCATACAATAATAGTATTATTATTAATTACTGTAATTGTAGGATATACATTAAGATATATATTAATTATTTCTTCAACAAGAAAAAATATACTTCATGGGCATTTAATTGAAACTATTTGAACTACAATTCCAGCTATTACATTAATCTTCATCGCATTACCATCCCTACGTCTACTTTATCTTCTTGATGATTCAGTAAACGTAATAATTACAATTAAAACAATTGGACGTCAATGGTACTGAAGTTATGAATATTCAGACTTTATAAATATTGAATTTGATACATATATAACACCAGAAAATGATTTAGAAATTAATGGATTTCGATTAATTGACGTAGACAACCGAACAATCTTACCAATAAATACTGAAATTCGAATTTTAACAAGTGCATCAGACGTACTTCACTCATGAGCAGTACCAGCCCTAGGAATTAAAATTGATGCAACACCAGGACGACTAAATCAAGGAACATTTTTAATAAACCGACCTGGATTATTCTTTGGACAATGTTCAGAAATTTGTGGAGCAAATCATAGATTTATACCTATTGTAATTGAAAGAACTTCAACAAATATATTCATTAAATGACTGTCTAAAATAATTTAA	MATWSNMSLQDSASPLMEQLSFFHDHTMMVLLLITVIVGYTLSYMLIISSTSKNMLHGHLIETIWTTIPAITLIFIALPSLRLLYLLDDSVNVMITIKTIGRQWYWSYEYSDFMNIEFDTYMTPENDLEINGFRLIDVDNRTILPMNTEIRILTSASDVLHSWAVPALGIKIDATPGRLNQGTFLMNRPGLFFGQCSEICGANHSFMPIVIESTSTNMFIKWLSKMI*	ATGGCAACATGATCAAATATATCATTACAAGATAGAGCTTCACCTTTAATAGAACAACTATCATTCTTTCATGATCATACAATAATAGTATTATTATTAATTACTGTAATTGTAGGATATACATTAAGATATATATTAATTATTTCTTCAACAAGAAAAAATATACTTCATGGGCATTTAATTGAAACTATTTGAACTACAATTCCAGCTATTACATTAATCTTCATCGCATTACCATCCCTACGTCTACTTTATCTTCTTGATGATTCAGTAAACGTAATAATTACAATTAAAACAATTGGACGTCAATGGTACTGAAGTTATGAATATTCAGACTTTATAAATATTGAATTTGATACATATATAACACCAGAAAATGATTTAGAAATTAATGGATTTCGATTAATTGACGTAGACAACCGAACAATCTTACCAATAAATACTGAAATTCGAATTTTAACAAGTGCATCAGACGTACTTCACTCATGAGCAGTACCAGCCCTAGGAATTAAAATTGATGCAACACCAGGACGACTAAATCAAGGAACATTTTTAATAAACCGACCTGGATTATTCTTTGGACAATGTTCAGAAATTTGTGGAGCAAATCATAGATTTATACCTATTGTAATTGAAAGAACTTCAACAAATATATTCATTAAATGACTGTCTAAAATAATTTAA	MATWSNMSLQDSASPLMEQLSFFHDHTMMVLLLITVIVGYTLSYMLIISSTSKNMLHGHLIETIWTTIPAITLIFIALPSLRLLYLLDDSVNVMITIKTIGRQWYWSYEYSDFMNIEFDTYMTPENDLEINGFRLIDVDNRTILPMNTEIRILTSASDVLHSWAVPALGIKIDATPGRLNQGTFLMNRPGLFFGQCSEICGANHSFMPIVIESTSTNMFIKWLSKMI*
